-- phpMyAdmin SQL Dump
-- version 4.0.4
-- http://www.phpmyadmin.net
--
-- Client: localhost
-- Généré le: Jeu 24 Avril 2014 à 14:12
-- Version du serveur: 5.6.12-log
-- Version de PHP: 5.4.12

SET SQL_MODE = "NO_AUTO_VALUE_ON_ZERO";
SET time_zone = "+00:00";


/*!40101 SET @OLD_CHARACTER_SET_CLIENT=@@CHARACTER_SET_CLIENT */;
/*!40101 SET @OLD_CHARACTER_SET_RESULTS=@@CHARACTER_SET_RESULTS */;
/*!40101 SET @OLD_COLLATION_CONNECTION=@@COLLATION_CONNECTION */;
/*!40101 SET NAMES utf8 */;

--
-- Base de données: `mario52_fr`
--
CREATE DATABASE IF NOT EXISTS `mario52_fr` DEFAULT CHARACTER SET latin1 COLLATE latin1_swedish_ci;
USE `mario52_fr`;

-- --------------------------------------------------------

--
-- Structure de la table `composante`
--

CREATE TABLE IF NOT EXISTS `composante` (
  `NUMCOMPOSANTE` int(11) NOT NULL AUTO_INCREMENT,
  `CODECOMPOSANTE` int(11) NOT NULL,
  `LIBCOMPOSANTE` varchar(1024) NOT NULL,
  PRIMARY KEY (`NUMCOMPOSANTE`)
) ENGINE=InnoDB  DEFAULT CHARSET=latin1 AUTO_INCREMENT=798 ;

--
-- Contenu de la table `composante`
--

INSERT INTO `composante` (`NUMCOMPOSANTE`, `CODECOMPOSANTE`, `LIBCOMPOSANTE`) VALUES
(728, 906, 'CIEF'),
(729, 907, 'SEPAD'),
(730, 910, 'SCIENCES'),
(731, 913, 'STAPS'),
(732, 915, 'LETTRES'),
(733, 920, 'DROIT'),
(734, 930, 'SC. ECO'),
(735, 940, 'ODONTO'),
(736, 945, 'PHARMA'),
(737, 950, 'MEDECINE'),
(738, 960, 'C UN DROIT'),
(739, 962, 'ANT LETTRE'),
(740, 980, 'IUT REIMS'),
(741, 981, 'ESIReims'),
(742, 982, 'IFTS'),
(743, 983, 'IUT CHALON'),
(744, 984, 'IUT CHARL'),
(745, 985, 'IUT TROYES'),
(746, 945, 'PHARMA'),
(747, 945, 'PHARMA'),
(748, 945, 'PHARMA'),
(749, 945, 'PHARMA'),
(750, 950, 'MEDECINE'),
(751, 993, 'ESPE REIMS'),
(752, 950, 'MEDECINE'),
(753, 907, 'SEPAD'),
(754, 920, 'DROIT'),
(755, 915, 'LETTRES'),
(756, 945, 'PHARMA'),
(757, 945, 'PHARMA'),
(758, 950, 'MEDECINE'),
(759, 915, 'LETTRES'),
(760, 907, 'SEPAD'),
(761, 950, 'MEDECINE'),
(762, 950, 'MEDECINE'),
(763, 915, 'LETTRES'),
(764, 993, 'ESPE REIMS'),
(765, 915, 'LETTRES'),
(766, 950, 'MEDECINE'),
(767, 950, 'MEDECINE'),
(768, 950, 'MEDECINE'),
(769, 993, 'ESPE REIMS'),
(770, 907, 'SEPAD'),
(771, 907, 'SEPAD'),
(772, 915, 'LETTRES'),
(773, 945, 'PHARMA'),
(774, 950, 'MEDECINE'),
(775, 920, 'DROIT'),
(776, 950, 'MEDECINE'),
(777, 910, 'SCIENCES'),
(778, 950, 'MEDECINE'),
(779, 950, 'MEDECINE'),
(780, 950, 'MEDECINE'),
(781, 950, 'MEDECINE'),
(782, 945, 'PHARMA'),
(783, 950, 'MEDECINE'),
(784, 915, 'LETTRES'),
(785, 950, 'MEDECINE'),
(786, 995, 'ESPE CHAL'),
(787, 910, 'SCIENCES'),
(788, 915, 'LETTRES'),
(789, 945, 'PHARMA'),
(790, 980, 'IUT REIMS'),
(791, 915, 'LETTRES'),
(792, 907, 'SEPAD'),
(793, 993, 'ESPE REIMS'),
(794, 950, 'MEDECINE'),
(795, 915, 'LETTRES'),
(796, 950, 'MEDECINE'),
(797, 910, 'SCIENCES');

-- --------------------------------------------------------

--
-- Structure de la table `cursus`
--

CREATE TABLE IF NOT EXISTS `cursus` (
  `IDCURSUS` int(11) NOT NULL AUTO_INCREMENT,
  `CODECURSUS` char(1) NOT NULL,
  `LIBCURSUS` varchar(300) NOT NULL,
  PRIMARY KEY (`IDCURSUS`)
) ENGINE=InnoDB  DEFAULT CHARSET=latin1 AUTO_INCREMENT=55 ;

--
-- Contenu de la table `cursus`
--

INSERT INTO `cursus` (`IDCURSUS`, `CODECURSUS`, `LIBCURSUS`) VALUES
(42, 'U', 'Du'),
(43, 'R', 'Autre'),
(44, 'L', 'Licence'),
(45, 'M', 'Master'),
(46, 'D', 'Doctorat'),
(47, 'I', 'Ingenieur'),
(48, 'O', 'DNO'),
(49, 'P', 'Licence professionnelle'),
(50, 'H', 'Hdr'),
(51, 'A', 'Agreg'),
(52, 'F', 'Iufm'),
(53, 'S', 'Sant'),
(54, 'T', 'Iut');

-- --------------------------------------------------------

--
-- Structure de la table `enseignant`
--

CREATE TABLE IF NOT EXISTS `enseignant` (
  `NUMENSEIGNANT` int(11) NOT NULL AUTO_INCREMENT,
  `NOMENSEIGNANT` varchar(100) NOT NULL,
  `PRENOMENSEIGNANT` varchar(100) NOT NULL,
  `LOGINENSEIGNANT` varchar(100) NOT NULL,
  `MDPENSEIGNANT` varchar(100) NOT NULL,
  `NUMCOMPOSANTE` int(11) NOT NULL,
  `ADMIN` int(11) NOT NULL DEFAULT '0' COMMENT '0 => false, 1 => true',
  PRIMARY KEY (`NUMENSEIGNANT`)
) ENGINE=InnoDB  DEFAULT CHARSET=latin1 AUTO_INCREMENT=2 ;

--
-- Contenu de la table `enseignant`
--

INSERT INTO `enseignant` (`NUMENSEIGNANT`, `NOMENSEIGNANT`, `PRENOMENSEIGNANT`, `LOGINENSEIGNANT`, `MDPENSEIGNANT`, `NUMCOMPOSANTE`, `ADMIN`) VALUES
(1, 'POLO', 'Michel', 'michel', 'azerty', 728, 1);

-- --------------------------------------------------------

--
-- Structure de la table `epreuve`
--

CREATE TABLE IF NOT EXISTS `epreuve` (
  `IDEPREUVE` int(11) NOT NULL AUTO_INCREMENT,
  `NUMCOMPOSANTE` int(11) DEFAULT NULL,
  `LIBEPREUVE` varchar(3) NOT NULL,
  PRIMARY KEY (`IDEPREUVE`),
  KEY `FK_FK_COMPO` (`NUMCOMPOSANTE`)
) ENGINE=InnoDB  DEFAULT CHARSET=latin1 AUTO_INCREMENT=126 ;

--
-- Contenu de la table `epreuve`
--

INSERT INTO `epreuve` (`IDEPREUVE`, `NUMCOMPOSANTE`, `LIBEPREUVE`) VALUES
(1, 728, 'fra'),
(2, 734, 'eng'),
(3, 728, 'esp'),
(4, 742, 'mat'),
(5, 729, 'phy'),
(6, 736, 'D1P'),
(7, 736, 'D1T'),
(8, 736, 'D2P'),
(9, 736, 'D2T'),
(10, 736, 'D3P'),
(11, 736, 'D3T'),
(12, 736, 'D4P'),
(13, 736, 'D4T'),
(14, 736, 'D5P'),
(15, 736, 'D5T'),
(16, 737, 'D1P'),
(17, 737, 'D1T'),
(18, 737, 'D2P'),
(19, 737, 'D2T'),
(20, 737, 'D3P'),
(21, 737, 'D3T'),
(22, 737, 'D4P'),
(23, 737, 'D4T'),
(24, 737, 'D5P'),
(25, 737, 'D5T'),
(26, 751, 'D1P'),
(27, 751, 'D1T'),
(28, 751, 'D2P'),
(29, 751, 'D2T'),
(30, 751, 'D3P'),
(31, 751, 'D3T'),
(32, 751, 'D4P'),
(33, 751, 'D4T'),
(34, 751, 'D5P'),
(35, 751, 'D5T'),
(36, 729, 'D1P'),
(37, 729, 'D1T'),
(38, 729, 'D2P'),
(39, 729, 'D2T'),
(40, 729, 'D3P'),
(41, 729, 'D3T'),
(42, 729, 'D4P'),
(43, 729, 'D4T'),
(44, 729, 'D5P'),
(45, 729, 'D5T'),
(46, 733, 'D1P'),
(47, 733, 'D1T'),
(48, 733, 'D2P'),
(49, 733, 'D2T'),
(50, 733, 'D3P'),
(51, 733, 'D3T'),
(52, 733, 'D4P'),
(53, 733, 'D4T'),
(54, 733, 'D5P'),
(55, 733, 'D5T'),
(56, 732, 'D1P'),
(57, 732, 'D1T'),
(58, 732, 'D2P'),
(59, 732, 'D2T'),
(60, 732, 'D3P'),
(61, 732, 'D3T'),
(62, 732, 'D4P'),
(63, 732, 'D4T'),
(64, 732, 'D5P'),
(65, 732, 'D5T'),
(66, 730, 'D1P'),
(67, 730, 'D1T'),
(68, 730, 'D2P'),
(69, 730, 'D2T'),
(70, 730, 'D3P'),
(71, 730, 'D3T'),
(72, 730, 'D4P'),
(73, 730, 'D4T'),
(74, 730, 'D5P'),
(75, 730, 'D5T'),
(76, 786, 'D1P'),
(77, 786, 'D1T'),
(78, 786, 'D2P'),
(79, 786, 'D2T'),
(80, 786, 'D3P'),
(81, 786, 'D3T'),
(82, 786, 'D4P'),
(83, 786, 'D4T'),
(84, 786, 'D5P'),
(85, 786, 'D5T'),
(86, 740, 'D1P'),
(87, 740, 'D1T'),
(88, 740, 'D2P'),
(89, 740, 'D2T'),
(90, 740, 'D3P'),
(91, 740, 'D3T'),
(92, 740, 'D4P'),
(93, 740, 'D4T'),
(94, 740, 'D5P'),
(95, 740, 'D5T'),
(96, 739, 'D1P'),
(97, 739, 'D1T'),
(98, 739, 'D2P'),
(99, 739, 'D2T'),
(100, 739, 'D3P'),
(101, 739, 'D3T'),
(102, 739, 'D4P'),
(103, 739, 'D4T'),
(104, 739, 'D5P'),
(105, 739, 'D5T'),
(106, 738, 'D1P'),
(107, 738, 'D1T'),
(108, 738, 'D2P'),
(109, 738, 'D2T'),
(110, 738, 'D3P'),
(111, 738, 'D3T'),
(112, 738, 'D4P'),
(113, 738, 'D4T'),
(114, 738, 'D5P'),
(115, 738, 'D5T'),
(116, 731, 'D1P'),
(117, 731, 'D1T'),
(118, 731, 'D2P'),
(119, 731, 'D2T'),
(120, 731, 'D3P'),
(121, 731, 'D3T'),
(122, 731, 'D4P'),
(123, 731, 'D4T'),
(124, 731, 'D5P'),
(125, 731, 'D5T');

-- --------------------------------------------------------

--
-- Structure de la table `etape`
--

CREATE TABLE IF NOT EXISTS `etape` (
  `IDETAPE` int(11) NOT NULL AUTO_INCREMENT,
  `CODEETAPE` varchar(10) NOT NULL,
  `IDCURSUS` int(11) NOT NULL,
  `NUMCOMPOSANTE` int(11) NOT NULL,
  `LIBCOURTETAPE` varchar(100) NOT NULL,
  `VERSIONETAPE` int(11) NOT NULL,
  `LIBLONGETAPE` varchar(300) NOT NULL,
  PRIMARY KEY (`IDETAPE`),
  KEY `FK_COMPOSER` (`NUMCOMPOSANTE`),
  KEY `FK_CORRESPONDRE` (`IDCURSUS`)
) ENGINE=InnoDB  DEFAULT CHARSET=latin1 AUTO_INCREMENT=3544 ;

--
-- Contenu de la table `etape`
--

INSERT INTO `etape` (`IDETAPE`, `CODEETAPE`, `IDCURSUS`, `NUMCOMPOSANTE`, `LIBCOURTETAPE`, `VERSIONETAPE`, `LIBLONGETAPE`) VALUES
(2838, '2UA201', 42, 728, 'DUEF B1', 106, 'DU D''ETUDES FRANCAISES DU CADRE EUROPEEN B1'),
(2839, '2UA301', 42, 728, 'DUEF B2', 106, 'DU D''ETUDES FRANCAISES DU CADRE EUROPEEN B2'),
(2840, '2UA501', 42, 728, 'DUEF A1', 106, 'DU ETUDES FRANCAISES A1'),
(2841, '2UA601', 42, 728, 'DUEF A2', 106, 'DU ETUDES FRANCAISES A2'),
(2842, '2UA701', 42, 728, 'DUEF B1.1', 106, 'DU ETUDES FRANCAISES B1.1'),
(2843, '0D4111', 43, 729, 'DAEU LITTERAIRE', 1, 'DAEU LITTERAIRE'),
(2844, '0D4111', 43, 729, 'DAEU LITTERAIRE', 2, 'DAEU LITTERAIRE'),
(2845, '0D8111', 43, 729, 'DAEU SCIENTIFIQUE', 1, 'DAEU SCIENTIFIQUE'),
(2846, '2RU101', 43, 729, 'PRE DAEU', 107, 'PRE DAEU PRESENTIEL'),
(2847, '2RU101', 43, 729, 'PRE DAEU', 207, 'PRE DAEU A DISTANCE'),
(2848, '3LAA01', 44, 729, 'L1 PHILOSOPHIE', 101, 'LICENCE PHILOSOPHIE 1A - SEAD'),
(2849, '3LAA03', 44, 729, 'L2 PHILOSOPHIE', 101, 'LICENCE PHILOSOPHIE 2A - SEAD'),
(2850, '3LAA05', 44, 729, 'L3 PHILOSOPHIE', 101, 'LICENCE PHILOSOPHIE 3A - SEPAD'),
(2851, '3LHA01', 44, 729, 'L1 PSYCHOLOGIE', 101, 'LICENCE PSYCHOLOGIE 1A - SEPAD'),
(2852, '3LHA03', 44, 729, 'L2 PSYCHOLOGIE', 101, 'LICENCE PSYCHOLOGIE 2A - SEPAD'),
(2853, '3LHA05', 44, 729, 'L3 PSYCHOLOGIE', 101, 'LICENCE PSYCHOLOGIE 3A - SEPAD'),
(2854, '3MA1A1', 45, 729, 'M1 PHILOSOPHIE', 101, 'MASTER SCIENCES DU LANGAGE ET PHILOSOPHIE 1A - SEPAD'),
(2855, '3MA1A3', 45, 729, 'M2 PHILOSOPHIE', 101, 'MASTER SCIENCES DU LANGAGE ET PHILOSOPHIE 2A - SEPAD'),
(2856, '3MS4A3', 45, 729, 'M2 INFORMATIQUE', 101, 'MASTER INFORMATIQUE ASR SEAD 2EME ANNEE'),
(2857, '8D4111', 42, 729, 'DUGGAT', 107, 'DUGGAT'),
(2858, '8D431', 42, 729, 'DU RESFO', 107, 'DU RESFO'),
(2859, '2DS101', 46, 730, 'DOCTORAT SCIENCES', 110, 'DOCTORAT SCIENCES'),
(2860, '2MS113', 45, 730, 'M2 MECANIQUE THERMIQUE', 210, 'MASTER MT PARCOURS THERMIQUE ET ENERGIE 2EME ANNEE'),
(2861, '2N8211', 47, 730, 'I.T.I.I. MECANIQUE 1 A', 981, 'DIPLOME INGENIERIE I.T.I.I. 1 A'),
(2862, '2N8212', 47, 730, 'I.T.I.I. MECANIQUE 2 A', 981, 'DIPLOME INGENIERIE I.T.I.I. 2 A'),
(2863, '2N8213', 47, 730, 'I.T.I.I. MECANIQUE 3 A', 981, 'DIPLOME INGENIERIE I.T.I.I. 3 A'),
(2864, '2US501', 42, 730, 'DU ASRE', 110, 'DU ADMINISTRATION SECURISATION RESEAUX ENTREPRISE'),
(2865, '2V8111', 48, 730, 'D.N.O. 1 A', 981, 'D.N.O. 1 A'),
(2866, '2V8112', 48, 730, 'D.N.O. 2 A', 981, 'D.N.O. 2 A'),
(2867, '3LS101', 44, 730, 'L1 BIOL-BIOCH-TERRE-ENVI', 101, 'LICENCE BIOLOGIE-BIOCHIMIE-TERRE ET ENVIRONNEMENT 1A'),
(2868, '3LS103', 44, 730, 'L2 BIOL-BIOCH-TERRE-ENVI', 101, 'LICENCE BIOLOGIE-BIOCHIMIE-TERRE ET ENVIRONNEMENT 2A'),
(2869, '3LS105', 44, 730, 'L3 BIOL-BIOCH-TERRE-ENVI', 101, 'LICENCE BBTE PARCOURS BIOCHIMIE 3EME ANNEE'),
(2870, '3LS105', 44, 730, 'L3 BIOL-BIOCH-TERRE-ENVI', 102, 'LICENCE BBTE PARCOURS BCP 3EME ANNEE'),
(2871, '3LS105', 44, 730, 'L3 BIOL-BIOCH-TERRE-ENVI', 103, 'LICENCE BBTE PARCOURS BGSTU 3EME ANNEE'),
(2872, '3LS105', 44, 730, 'L3 BIOL-BIOCH-TERRE-ENVI', 104, 'LICENCE BBTE PARCOURS EDD 3EME ANNEE'),
(2873, '3LS105', 44, 730, 'L3 BIOL-BIOCH-TERRE-ENVI', 105, 'LICENCE BBTE PARCOURS OENOLOGIE 3EME ANNEE'),
(2874, '3LS105', 44, 730, 'L3 BIOL-BIOCH-TERRE-ENVI', 106, 'LICENCE BBTE PARCOURS SEN 3EME ANNEE'),
(2875, '3LS201', 44, 730, 'L1 INFORMATIQUE', 101, 'LICENCE INFORMATIQUE 1ERE ANNEE'),
(2876, '3LS203', 44, 730, 'L2 INFORMATIQUE', 101, 'LICENCE INFORMATIQUE 2EME ANNEE'),
(2877, '3LS205', 44, 730, 'L3 INFORMATIQUE', 101, 'LICENCE INFORMATIQUE 3EME ANNEE'),
(2878, '3LS205', 44, 730, 'L3 INFORMATIQUE', 102, 'LICENCE INFORMATIQUE PASSERELLE 3EME ANNEE'),
(2879, '3LS301', 44, 730, 'L1 MATHEMATIQUES', 101, 'LICENCE MATHEMATIQUES 1ERE ANNEE'),
(2880, '3LS303', 44, 730, 'L2 MATHEMATIQUES', 101, 'LICENCE MATHEMATIQUES 2EME ANNEE'),
(2881, '3LS305', 44, 730, 'L3 MATHEMATIQUES', 101, 'LICENCE MATHEMATIQUES PARCOURS MAP 3EME ANNEE'),
(2882, '3LS305', 44, 730, 'L3 MATHEMATIQUES', 102, 'LICENCE MATHEMATIQUES PARCOURS MF 3EME ANNEE'),
(2883, '3LS401', 44, 730, 'L1 PHYSIQUE-CHIMIE', 101, 'LICENCE PHYSIQUE-CHIMIE 1ERE ANNEE'),
(2884, '3LS403', 44, 730, 'L2 PHYSIQUE-CHIMIE', 101, 'LICENCE PHYSIQUE-CHIMIE 2EME ANNEE'),
(2885, '3LS405', 44, 730, 'L3 PHYSIQUE-CHIMIE', 101, 'LICENCE PHYSIQUE-CHIMIE PARCOURS CH 3EME ANNEE'),
(2886, '3LS405', 44, 730, 'L3 PHYSIQUE-CHIMIE', 102, 'LICENCE PHYSIQUE-CHIMIE PARCOURS PH 3EME ANNEE'),
(2887, '3LS405', 44, 730, 'L3 PHYSIQUE-CHIMIE', 103, 'LICENCE PHYSIQUE-CHIMIE PARCOURS SCPH 3EME ANNEE'),
(2888, '3LS405', 44, 730, 'L3 PHYSIQUE-CHIMIE', 104, 'LICENCE PHYSIQUE-CHIMIE PARCOURS SEN 3EME ANNEE'),
(2889, '3LS501', 44, 730, 'L1 SCIENCES INGENIEUR', 101, 'LICENCE SCIENCES POUR L''INGENIEUR 1ERE ANNEE-REIMS'),
(2890, '3LS503', 44, 730, 'L2 SCIENCES INGENIEUR', 101, 'LICENCE SCIENCES POUR L''INGENIEUR 2EME ANNEE-REIMS'),
(2891, '3LS505', 44, 730, 'L3 SCIENCES INGENIEUR', 101, 'LICENCE SPI PARCOURS EEA 3EME ANNEE-REIMS'),
(2892, '3LS505', 44, 730, 'L3 SCIENCES INGENIEUR', 102, 'LICENCE SPI PARCOURS GC 3EME ANNEE-REIMS'),
(2893, '3LS505', 44, 730, 'L3 SCIENCES INGENIEUR', 103, 'LICENCE SPI PARCOURS SEN 3EME ANNEE-REIMS'),
(2894, '3MS111', 45, 730, 'M1 BIOLOGIE SANTE QUALITE', 101, 'MASTER BIOLOGIE, SANTE, QUALITE 1ERE ANNEE SCIENCES'),
(2895, '3MS113', 45, 730, 'M2 BIOLOGIE SANTE QUALITE', 101, 'MASTER BIOLOGIE, SANTE, QUALITE PARCOURS BSQ 2EME ANNEE'),
(2896, '3MS113', 45, 730, 'M2 BIOLOGIE SANTE QUALITE', 102, 'MASTER BIOLOGIE, SANTE, QUALITE PARCOURS BSQ RECH 2EME ANNEE'),
(2897, '3MS121', 45, 730, 'M1 BIOTECHNOLOGIES ET SVT', 101, 'MASTER BIOTECHNOLOGIES ET SVT 1ERE ANNEE'),
(2898, '3MS123', 45, 730, 'M2 BIOTECHNOLOGIES ET SVT', 102, 'MASTER BIOTECHNOLOGIES ET SVT PARCOURS SVT 2EME ANNEE'),
(2899, '3MS131', 45, 730, 'M1 CHIM SUBST NATU MEDI', 101, 'MASTER CHIMIE DES SUBSTANCES NATURELLES ET MEDICAMENTS 1ERE ANNEE'),
(2900, '3MS213', 45, 730, 'M2 SYSTEMES AUTOMATISES', 101, 'MASTER SYSTEMES AUTOMATISES PARCOURS ISR 2EME ANNEE'),
(2901, '3MS213', 45, 730, 'M2 SYSTEMES AUTOMATISES', 102, 'MASTER SYSTEMES AUTOMATISES PARCOURS RECHERCHE 2EME ANNEE'),
(2902, '3MS213', 45, 730, 'M2 SYSTEMES AUTOMATISES', 103, 'MASTER SYSTEMES AUTOMATISES PARCOURS SIP 2EME ANNEE'),
(2903, '3MS223', 45, 730, 'M2 SYSTEMES EMBARQUES', 101, 'MASTER SYSTEMES EMBARQUES PARCOURS CSE 2EME ANNEE'),
(2904, '3MS223', 45, 730, 'M2 SYSTEMES EMBARQUES', 103, 'MASTER SYSTEMES EMBARQUES PARCOURS TISE 2EME ANNEE'),
(2905, '3MS2Z1', 45, 730, 'M1 EL ELECT AUTO INFO IND', 101, 'MASTER ELECTRIQUE ELECTRONIQUE AUTOMATIQUE INFORMATIQUES INDUSTRIELLES 1ERE ANNEE'),
(2906, '3MS313', 45, 730, 'M2 GENIE ENVI NATUREL', 101, 'MASTER GENIE ENVIRONNEMENT NATUREL (FAUNE SAUVAGE ET ENV) 2EME ANNEE'),
(2907, '3MS323', 45, 730, 'M2 SECU QUAL HYGI ENVI', 101, 'MASTER SECURITE, QUALITE, HYGIENE, ENVIRONNEMENT 2EME ANNEE'),
(2908, '3MS333', 45, 730, 'M2 VALO GEST DURA DECH EN', 101, 'MASTER MANAGEMENT ENVIRONNEMENTAL, DECHETS, ENERGIE 2EME ANNEE'),
(2909, '3MS3Z1', 45, 730, 'M1 GENIE ENVI NATU INDU', 101, 'MASTER GENIE DES ENVIRONNEMENTS NATURELS ET INDUSTRIELS 1ERE ANNEE'),
(2910, '3MS411', 45, 730, 'M1 INFORMATIQUE', 101, 'MASTER INFORMATIQUE 1ERE ANNEE'),
(2911, '3MS413', 45, 730, 'M2 INFORMATIQUE', 101, 'MASTER INFORMATIQUE PARCOURS ASR 2EME ANNEE - FORMATION INITIALE'),
(2912, '3MS413', 45, 730, 'M2 INFORMATIQUE', 102, 'MASTER INFORMATIQUE PARCOURS DAR 2EME ANNEE - FORMATION INITIALE'),
(2913, '3MS413', 45, 730, 'M2 INFORMATIQUE', 201, 'MASTER INFORMATIQUE PARCOURS ASR 2EME ANNEE  - FORMATION CONTINUE'),
(2914, '3MS611', 45, 730, 'M1 MATHS FOND', 101, 'MASTER MATHEMATIQUES FONDAMENTALES AGREGATION EXTERNE 1ERE ANNEE'),
(2915, '3MS611', 45, 730, 'M1 MATHS FOND', 102, 'MASTER MATHEMATIQUES FONDAMENTALES AGREGATION INTERNE 1ERE ANNEE'),
(2916, '3MS611', 45, 730, 'M1 MATHS FOND', 103, 'MASTER MATHEMATIQUES FONDAMENTALES CAPES 1ERE ANNEE'),
(2917, '3MS613', 45, 730, 'M2 MATHS FOND', 101, 'MASTER MATHEMATIQUES FONDAMENTALES AGREGATION EXTERNE 2EME ANNEE'),
(2918, '3MS613', 45, 730, 'M2 MATHS FOND', 102, 'MASTER MATHEMATIQUES FONDAMENTALES AGREGATION INTERNE 2EME ANNEE'),
(2919, '3MS613', 45, 730, 'M2 MATHS FOND', 103, 'MASTER MATHEMATIQUES FONDAMENTALES CAPES 2EME ANNEE'),
(2920, '3MS621', 45, 730, 'M1 MODE MATH SCIE INGE', 101, 'MASTER MODELISATION MATHEMATIQUES SCIENCES DE L''INGENIEUR 1ERE ANNEE'),
(2921, '3MS623', 45, 730, 'M2 MODE MATH SCIE INGE', 101, 'MASTER MODELISATION MATHEMATIQUES SCIENCES DE L''INGENIEUR 2EME ANNEE'),
(2922, '3MS631', 45, 730, 'M1 STAT EVAL ET PROSP', 101, 'MASTER STATISTIQUES POUR L''EVALUATION ET LA PROSPECTIVE 1ERE ANNEE'),
(2923, '3MS633', 45, 730, 'M2 STAT EVAL ET PROSP', 101, 'MASTER STATISTIQUES POUR L''EVALALUATION ET LA PROSPECTIVE 2EME ANNEE'),
(2924, '3MS6Z1', 45, 730, 'M1 MATHS APPLIQUEES', 101, 'MASTER MATHS APPLIQUEES 1ERE ANNEE'),
(2925, '3MS711', 45, 730, 'M1 NANO OPTIQ ATMOSPH', 101, 'MASTER NANOSCIENCES OPTIQUE ATMOSPHERE 1ERE ANNEE'),
(2926, '3MS713', 45, 730, 'M2 NANO OPTIQ ATMOSPH', 101, 'MASTER NANOSCIENCES OPTIQUE ATMOSPHERE 2EME ANNEE'),
(2927, '3MS721', 45, 730, 'M1 SCIENCES PHYSIQUES', 101, 'MASTER SCIENCES PHYSIQUES PARCOURS AGREGATION 1ERE ANNEE'),
(2928, '3MS721', 45, 730, 'M1 SCIENCES PHYSIQUES', 103, 'MASTER SCIENCES PHYSIQUES PARCOURS CAPES 1ERE ANNEE'),
(2929, '3MS723', 45, 730, 'M2 SCIENCES PHYSIQUES', 101, 'MASTER SCIENCES PHYSIQUES PARCOURS AGREGATION 2EME ANNEE'),
(2930, '3MS723', 45, 730, 'M2 SCIENCES PHYSIQUES', 102, 'MASTER SCIENCES PHYSIQUES PARCOURS AGREGATION INTERNE FC 2EME ANNEE'),
(2931, '3MS723', 45, 730, 'M2 SCIENCES PHYSIQUES', 103, 'MASTER SCIENCES PHYSIQUES PARCOURS CAPES 2EME ANNEE'),
(2932, '3MS813', 45, 730, 'M2 DES ELA PERF PROD AGR', 101, 'MASTER DESIGN, ELABORATION ET PERFORMANCES DE PRODUITS AGRO-SOURCES 2EME ANNEE'),
(2933, '3MS823', 45, 730, 'M2 PROD AGRO-RESS DEV DUR', 101, 'MASTER PRODUCTION AGRO-RESSOURCES ET DEVELOPPEMENT DURABLE 2EME ANNEE'),
(2934, '3MS8Z1', 45, 730, 'M1 PROD VALO AGRO-RESS', 101, 'MASTER PRODUCTION ET VALORISATION DES AGRO-RESSOURCES 1ERE ANNEE'),
(2935, '3MS911', 45, 730, 'M1 VINS ET CHAMPAGNE', 101, 'MASTER VINS ET CHAMPAGNE 1ERE ANNEE'),
(2936, '3MS913', 45, 730, 'M2 VINS ET CHAMPAGNE', 101, 'MASTER VINS ET CHAMPAGNE 2EME ANNEE'),
(2937, '3MS921', 45, 730, 'M1 VITICULTURE ET ENVI', 101, 'MASTER VITICULTURE ET ENVIRONNEMENT 1ERE ANNEE'),
(2938, '3MS923', 45, 730, 'M2 VITICULTURE ET ENVI', 101, 'MASTER VITICULTURE ET ENVIRONNEMENT 2EME ANNEE'),
(2939, '3MSB11', 45, 730, 'M1 GENIE CIVIL', 101, 'MASTER GENIE CIVIL 1ERE ANNEE'),
(2940, '3MSB13', 45, 730, 'M2 GENIE CIVIL', 101, 'MASTER GENIE CIVIL 2EME ANNEE'),
(2941, '3MSB21', 45, 730, 'M1 GEOSCIENCES ET RISQUES', 101, 'MASTER GEOSCIENCES ET RISQUES 1ERE ANNEE'),
(2942, '3MSB23', 45, 730, 'M2 GEOSCIENCES ET RISQUES', 101, 'MASTER GEOSCIENCES ET RISQUES 2EME ANNEE'),
(2943, '3PS111', 49, 730, 'L PRO AGRORESS ENVIR', 101, 'LICENCE PRO AGRORESSOURCES ET ENVIRONNEMENT PARCOURS CULTURE ET ENVIRONNEMENT'),
(2944, '3PS111', 49, 730, 'L PRO AGRORESS ENVIR', 102, 'LICENCE PRO AGRORESSOURCES ET ENVIRONNEMENT PARCOURS VITICULTURE ET ENVIRONNEMENT'),
(2945, '3PS111', 49, 730, 'L PRO AGRORESS ENVIR', 103, 'LICENCE PRO AGRORESSOURCES ET ENVIRONNEMENT PARCOURS FORET ET ENVIRONNEMENT'),
(2946, '3PS411', 49, 730, 'L PRO CIPA', 101, 'LIC PRO COMMERCIALISATION INTERNATIONALE PROD DES AGRORESS PARCOURS COMMERCIALISATION INTERNATIONALE BOIS ET DERIVES'),
(2947, '3PS411', 49, 730, 'L PRO CIPA', 102, 'LIC PRO COMMERCIALISATION INTERNATIONALE PROD DES AGRORESS PARCOURS COMMERCIALISATION INTERNATIONALE VINS ET SPIRITUEUX'),
(2948, '3PS511', 49, 730, 'L PRO CMSII', 101, 'LIC PRO CONCEPTION MAINTENANCE SERVICES INTRANET-INTERNET'),
(2949, '3PSA21', 49, 730, 'L PRO MAIT QUAL ENER ELEC', 101, 'LICENCE PRO MAITRISE ET QUALITE DE L''ENERGIE ELECTRIQUE'),
(2950, '3PSC11', 49, 730, 'L PRO SECU PREV RISQ PROF', 101, 'LIC PRO SECURITE ET PREVENTION DES RISQUES PROFESSIONNELS'),
(2951, '3PSH11', 49, 730, 'L PRO TRANSF VAL AGRORESS', 101, 'LIC PRO TRANSFORMATION ET VALORISATION DES AGRORESSOURCES'),
(2952, '4H8111', 50, 730, 'HDR EN SCIENCES', 981, 'HABILITATION A DIRIGER DES RECHERCHES'),
(2953, '7A8211', 51, 730, 'AGREGATION SC.PHY. PHYS.', 981, 'AGREGATION SCIENCES PHYSIQUES OPTION PHYSIQUE'),
(2954, '7A8311', 51, 730, 'AGREGATION MATHEMATIQUES', 981, 'AGREGATION MATHEMATIQUES'),
(2955, '7A8411', 51, 730, 'AGREGATION S.V.T.', 981, 'AGREGATION SCIENCES DE LA VIE ET DE LA TERRE'),
(2956, '7C3111', 43, 730, 'CAPES PHYSIQUE CHIMIE', 110, 'CAPES PHYSIQUE CHIMIE'),
(2957, '7C4111', 43, 730, 'CAPES MATHEMATIQUES', 110, 'CAPES MATHEMATIQUES'),
(2958, '8D8E11', 42, 730, 'DU EXP ANIMALE', 110, 'DU EXPERIMENTATION ANIMALE NIVEAU 2 OU 3'),
(2959, '8D8F11', 42, 730, 'DU EXP ANIMALE', 110, 'DU EXPERIMENTATION ANIMALE NIVEAU 1'),
(2960, 'C2I2E1', 43, 730, 'C2I NIVEAU 2 ENSEIGNEMENT', 110, 'C2I NIVEAU 2 ENSEIGNEMENT - SCIENCES'),
(2961, '2DH601', 46, 731, 'DOCTORAT STAPS SHS', 113, 'DOCTORAT STAPS SHS'),
(2962, '2DS601', 46, 731, 'DOCTORAT STAPS STS', 113, 'DOCTORAT STAPS STS'),
(2963, '2MH213', 45, 731, 'M2 ANALYSE PRAT SYST INFO', 113, 'MASTER 2 ANALYSE & PRATIQUE DES SYSTEMES D''INFORMATION'),
(2964, '2UP401', 42, 731, 'DU REHARMO POST EN PODO', 113, 'DU REHARMONISATION POSTURALE EN PODOLOGIE 1ERE ANNEE'),
(2965, '2UP403', 42, 731, 'DU REHARMO POST EN PODO', 113, 'DU REHARMONISATION POSTURALE EN PODOLOGIE 2EME ANNEE'),
(2966, '3LP115', 44, 731, 'L3 EDUCATION ET MOTRICITE', 101, 'LICENCE EDUCATION ET MOTRICITE 3EME ANNEE'),
(2967, '3LP125', 44, 731, 'L3 ERGO SPORT PERF MOTR', 101, 'LICENCE ERGONOMIE DU SPORT ET PERFORMANCE MOTRICE 3EME ANNEE'),
(2968, '3LP135', 44, 731, 'L3 MANAGEMENT DU SPORT', 101, 'LICENCE MANAGEMENT DU SPORT 3EME ANNEE'),
(2969, '3LP1Z1', 44, 731, 'L1 STAPS', 101, 'LICENCE STAPS 1ERE ANNEE'),
(2970, '3LP1Z3', 44, 731, 'L2 STAPS', 101, 'LICENCE STAPS 2EME ANNEE'),
(2971, '3MP111', 45, 731, 'M1 EDUC PHYS SPORT SANTE', 101, 'MASTER EDUCATION PHYSIQUE SPORT ET SANTE 1ERE ANNEE'),
(2972, '3MP113', 45, 731, 'M2 EDUC PHYS SPORT SANTE', 101, 'MASTER EDUCATION PHYSIQUE SPORT ET SANTE 2EME ANNEE'),
(2973, '3MP121', 45, 731, 'M1 BIOM HUMA ERG RECH CLI', 101, 'MASTER BIOMECANIQUE HUMAINE, ERGONOMIE & RECH CLINIQUE 1ERE ANNEE'),
(2974, '3MP123', 45, 731, 'M2 BIOM HUMA ERG RECH CLI', 101, 'MASTER BIOMECANIQUE HUMAINE, ERGONOMIE & RECH CLINIQUE 2EME ANNEE'),
(2975, '3PP111', 49, 731, 'L PRO DEV SOC MED SPORT', 101, 'LICENCE PRO DEVELOPPEMENT SOCIAL ET MEDIATION PAR LE SPORT'),
(2976, 'C2I2E1', 43, 731, 'C2I NIVEAU 2 ENSEIGNEMENT', 113, 'C2I NIVEAU 2 ENSEIGNEMENT - STAPS'),
(2977, '2DH501', 46, 732, 'DOCTORAT LETTRES SC HUM', 115, 'DOCTORAT LETTRES ET SCIENCES HUMAINES'),
(2978, '2UA101', 42, 732, 'DU FLE', 115, 'DIPLOME D''UNIVERSITE FRANCAIS LANGUE ETRANGERE'),
(2979, '3LA111', 44, 732, 'L1 ALLEMAND', 101, 'LICENCE ALLEMAND 1ERE ANNEE - REIMS'),
(2980, '3LA113', 44, 732, 'L2 ALLEMAND', 101, 'LICENCE ALLEMAND 2EME ANNEE'),
(2981, '3LA115', 44, 732, 'L3 ALLEMAND', 101, 'LICENCE ALLEMAND 3EME ANNEE'),
(2982, '3LA121', 44, 732, 'L1 ANGLAIS', 101, 'LICENCE ANGLAIS 1ERE ANNEE - REIMS'),
(2983, '3LA123', 44, 732, 'L2 ANGLAIS', 101, 'LICENCE ANGLAIS 2EME ANNEE - REIMS'),
(2984, '3LA125', 44, 732, 'L3 ANGLAIS', 101, 'LICENCE ANGLAIS 3EME ANNEE - REIMS'),
(2985, '3LA125', 44, 732, 'L3 ANGLAIS', 102, 'LICENCE ANGLAIS FLE 3EME ANNEE - REIMS'),
(2986, '3LA131', 44, 732, 'L1 ESPAGNOL', 101, 'LICENCE ESPAGNOL 1ERE ANNEE'),
(2987, '3LA133', 44, 732, 'L2 ESPAGNOL', 101, 'LICENCE ESPAGNOL 2EME ANNEE'),
(2988, '3LA135', 44, 732, 'L3 ESPAGNOL', 101, 'LICENCE ESPAGNOL 3EME ANNEE'),
(2989, '3LA221', 44, 732, 'L1 LETTRES MODERNES', 101, 'LICENCE LETTRES MODERNES 1ERE ANNEE'),
(2990, '3LA223', 44, 732, 'L2 LETTRES MODERNES', 101, 'LICENCE LETTRES MODERNES 2EME ANNEE'),
(2991, '3LA225', 44, 732, 'L3 LETTRES MODERNES', 101, 'LICENCE LETTRES MODERNES RENFORCEES 3EME ANNEE'),
(2992, '3LA225', 44, 732, 'L3 LETTRES MODERNES', 102, 'LICENCE LETTRES MODERNES ORIENTEES METIERS DE LA CULTURE 3EME ANNEE'),
(2993, '3LA225', 44, 732, 'L3 LETTRES MODERNES', 103, 'LICENCE LETTRES MODERNES SPECIALISEES FLE 3EME ANNEE'),
(2994, '3LA231', 44, 732, 'L1 LETTRES CLASSIQUES', 101, 'LICENCE LETTRES CLASSIQUES 1ERE ANNEE'),
(2995, '3LA233', 44, 732, 'L2 LETTRES CLASSIQUES', 101, 'LICENCE LETTRES CLASSIQUES 2EME ANNEE'),
(2996, '3LA235', 44, 732, 'L3 LETTRES CLASSIQUES', 101, 'LICENCE LETTRES CLASSIQUES 3EME ANNEE'),
(2997, '3LA311', 44, 732, 'L1 ANGLAIS-ALLEMAND', 101, 'LICENCE ANGLAIS-ALLEMAND 1EME ANNEE - REIMS'),
(2998, '3LA313', 44, 732, 'L2 ANGLAIS-ALLEMAND', 101, 'LICENCE ANGLAIS-ALLEMAND 2EME ANNEE'),
(2999, '3LA315', 44, 732, 'L3 ANGLAIS-ALLEMAND', 101, 'LICENCE ANGLAIS-ALLEMAND 3EME ANNEE'),
(3000, '3LA321', 44, 732, 'L1 ANGLAIS-ESPAGNOL', 101, 'LICENCE ANGLAIS-ESPAGNOL 1ERE ANNEE - REIMS'),
(3001, '3LA323', 44, 732, 'L2 ANGLAIS-ESPAGNOL', 101, 'LICENCE ANGLAIS-ESPAGNOL 2EME ANNEE - REIMS'),
(3002, '3LA325', 44, 732, 'L3 ANGLAIS-ESPAGNOL', 101, 'LICENCE ANGLAIS-ESPAGNOL 3EME ANNEE - REIMS'),
(3003, '3LA401', 44, 732, 'L1 MUSIQUE', 101, 'LICENCE MUSIQUE PARCOURS MUSICOLOGIE 1ERE ANNEE'),
(3004, '3LA401', 44, 732, 'L1 MUSIQUE', 102, 'LICENCE MUSIQUE PARCOURS PRATIQUE 1ERE ANNEE'),
(3005, '3LA403', 44, 732, 'L2 MUSIQUE', 101, 'LICENCE MUSIQUE PARCOURS MUSICOLOGIE 2EME ANNEE'),
(3006, '3LA403', 44, 732, 'L2 MUSIQUE', 102, 'LICENCE MUSIQUE PARCOURS PRATIQUE 2EME ANNEE'),
(3007, '3LA405', 44, 732, 'L3 MUSIQUE', 101, 'LICENCE MUSIQUE PARCOURS MUSICOLOGIE 3EME ANNEE'),
(3008, '3LA405', 44, 732, 'L3 MUSIQUE', 102, 'LICENCE MUSIQUE PARCOURS PRATIQUE 3EME ANNEE'),
(3009, '3LA405', 44, 732, 'L3 MUSIQUE', 103, 'LICENCE MUSIQUE PARCOURS COMPOSITION 3EME ANNEE'),
(3010, '3LA501', 44, 732, 'L1 PHILOSOPHIE', 101, 'LICENCE PHILOSOPHIE 1ERE ANNEE'),
(3011, '3LA503', 44, 732, 'L2 PHILOSOPHIE', 101, 'LICENCE PHILOSOPHIE 2EME ANNEE'),
(3012, '3LA505', 44, 732, 'L3 PHILOSOPHIE', 101, 'LICENCE PHILOSOPHIE 3EME ANNEE'),
(3013, '3LH101', 44, 732, 'L1 GEOGRAPHIE', 101, 'LICENCE GEOGRAPHIE 1A'),
(3014, '3LH103', 44, 732, 'L2 GEOGRAPHIE', 101, 'LICENCE GEOGRAPHIE 2A'),
(3015, '3LH105', 44, 732, 'L3 GEOGRAPHIE', 101, 'LICENCE GEOGRAPHIE 3A'),
(3016, '3LH201', 44, 732, 'L1 HISTOIRE', 101, 'LICENCE HISTOIRE 1A - REIMS'),
(3017, '3LH203', 44, 732, 'L2 HISTOIRE', 101, 'LICENCE HISTOIRE 2A - REIMS'),
(3018, '3LH205', 44, 732, 'L3 HISTOIRE', 101, 'LICENCE HISTOIRE ENSEIGNEMENT ET RECHERCHE 3A - REIMS'),
(3019, '3LH205', 44, 732, 'L3 HISTOIRE', 102, 'LICENCE HISTOIRE HISTOIRE DE L''ART ET PATRIMOINE 3A - REIMS'),
(3020, '3LH205', 44, 732, 'L3 HISTOIRE', 103, 'LICENCE HISTOIRE HISTOIRE ETUDES INTERNATIONALES ET GEOPOLITIQUE 3A - REIMS'),
(3021, '3LH301', 44, 732, 'L1 PSYCHOLOGIE', 101, 'LICENCE PSYCHOLOGIE 1A'),
(3022, '3LH303', 44, 732, 'L2 PSYCHOLOGIE', 101, 'LICENCE PSYCHOLOGIE 2A'),
(3023, '3LH305', 44, 732, 'L3 PSYCHOLOGIE', 101, 'LICENCE PSYCHOLOGIE 3A'),
(3024, '3MA111', 45, 732, 'M1 LETTRES', 101, 'MASTER LETTRES RECHERCHE 1ERE ANNEE'),
(3025, '3MA111', 45, 732, 'M1 LETTRES', 102, 'MASTER LETTRES METIERS ENSEIGNEMENT ET FORMATION 1ERE ANNEE'),
(3026, '3MA113', 45, 732, 'M2 LETTRES', 101, 'MASTER LETTRES RECHERCHE 2EME ANNEE'),
(3027, '3MA113', 45, 732, 'M2 LETTRES', 102, 'MASTER LETTRES METIERS ENSEIGNEMENT ET FORMATION 2EME ANNEE'),
(3028, '3MA121', 45, 732, 'M1 ANGLAIS', 101, 'MASTER ANGLAIS RECHERCHE 1ERE ANNEE'),
(3029, '3MA121', 45, 732, 'M1 ANGLAIS', 102, 'MASTER ANGLAIS METIERS ENSEIGNEMENT ET FORMATION 1ERE ANNEE'),
(3030, '3MA123', 45, 732, 'M2 ANGLAIS', 101, 'MASTER ANGLAIS RECHERCHE 2EME ANNEE'),
(3031, '3MA123', 45, 732, 'M2 ANGLAIS', 102, 'MASTER ANGLAIS METIERS ENSEIGNEMENT ET FORMATION 2EME ANNEE'),
(3032, '3MA131', 45, 732, 'M1 ESPAGNOL', 101, 'MASTER ESPAGNOL RECHERCHE 1ERE ANNEE'),
(3033, '3MA131', 45, 732, 'M1 ESPAGNOL', 102, 'MASTER ESPAGNOL METIERS ENSEIGNEMENT ET FORMATION 1ERE ANNEE'),
(3034, '3MA133', 45, 732, 'M2 ESPAGNOL', 101, 'MASTER ESPAGNOL RECHERCHE 2EME ANNEE'),
(3035, '3MA133', 45, 732, 'M2 ESPAGNOL', 102, 'MASTER ESPAGNOL METIERS ENSEIGNEMENT ET FORMATION 2EME ANNEE'),
(3036, '3MA141', 45, 732, 'M1 PHILOSOPHIE', 101, 'MASTER PHILOSOPHIE 1ERE ANNEE'),
(3037, '3MA143', 45, 732, 'M2 PHILOSOPHIE', 101, 'MASTER PHILOSOPHIE 2EME ANNEE'),
(3038, '3MA151', 45, 732, 'M1 GEST MULTILINGUE INFO', 101, 'MASTER GESTION MULTILINGUE DE L''INFORMATION 1ERE ANNEE'),
(3039, '3MA153', 45, 732, 'M2 GEST MULTILINGUE INFO', 101, 'MASTER GESTION MULTILINGUE DE L''INFORMATION 2EME ANNEE'),
(3040, '3MA341', 45, 732, 'M1 MUSIQUE ET MUSICOLOGIE', 101, 'MASTER MUSIQUE ET MUSICOLOGIE 1ERE ANNEE'),
(3041, '3MA343', 45, 732, 'M2 MUSIQUE ET MUSICOLOGIE', 101, 'MASTER MUSIQUE ET MUSICOLOGIE 2EME ANNEE'),
(3042, '3MH113', 45, 732, 'M2 PSYCHO PERTURB COGNIT', 101, 'MASTER PSYCHOLOGIE PERTURBATIONS COGNITIVES 2EME ANNEE'),
(3043, '3MH123', 45, 732, 'M2 INSERT RISQUES PSYCHO', 101, 'MASTER INSERTION ET RISQUES PSYCHOSOCIAUX 2EME ANNEE'),
(3044, '3MH1Z1', 45, 732, 'M1 PSYCHOLOGIE', 101, 'MASTER PSYCHOLOGIE 1ERE ANNEE'),
(3045, '3MH211', 45, 732, 'M1 URBA DURA ET ENVI', 101, 'MASTER URBANISME DURABLE ET ENVIRONNEMENT 1ERE ANNEE - REIMS'),
(3046, '3MH213', 45, 732, 'M2 URBA DURA ET ENVI', 101, 'MASTER URBANISME DURABLE ET ENVIRONNEMENT 2EME ANNEE - REIMS'),
(3047, '3MH311', 45, 732, 'M1 HISTOIRE HISTOIRE ART', 101, 'MASTER HISTOIRE ET HISTOIRE DE L''ART RECHERCHE 1ERE ANNEE'),
(3048, '3MH311', 45, 732, 'M1 HISTOIRE HISTOIRE ART', 102, 'MASTER HISTOIRE ET HISTOIRE DE L''ART METIERS ENSEIGNEMENT ET FORMATION 1ERE ANNEE'),
(3049, '3MH313', 45, 732, 'M2 HISTOIRE HISTOIRE ART', 101, 'MASTET HISTOIRE HISTOIRE ART RECHERCHE 2EME ANNEE'),
(3050, '3MH313', 45, 732, 'M2 HISTOIRE HISTOIRE ART', 102, 'MASTER HISTOIRE HISTOIRE ART METIERS ENSEIGNEMENT ET FORMATION 2EME ANNEE'),
(3051, '3MH321', 45, 732, 'M1 GEOPOLITIQUE', 101, 'MASTER HISTOIRE ,SOCIETE, GEOPOLITIQUE STANDARD 1ERE ANNEE'),
(3052, '3MH323', 45, 732, 'M2 GEOPOLITIQUE', 101, 'MASTER HISTOIRE, SOCIETE, GEOPOLITIQUE STANDARD 2EME ANNEE'),
(3053, '3PA121', 49, 732, 'L PRO GRAPH CONCEP EDITO', 101, 'L PRO GRAPHISME ET CONCEPTION EDITORIALE'),
(3054, '7A4411', 43, 732, 'AGREGATION DE LET. MOD.', 1, 'AGREGATION DE LETTRES MODERNES'),
(3055, 'C2I2E1', 43, 732, 'C2I NIVEAU 2 ENSEIGNEMENT', 115, 'C2I NIVEAU 2 ENSEIGNEMENT LETTRES'),
(3056, 'IE221D', 52, 732, 'PLC1 LVE ANGLAIS PUBLIC', 106, 'PREP CAPES LVE ANGLAIS PUBLIC'),
(3057, 'IE291D', 52, 732, 'PLC1 LVE ESPAGNOL PUBLIC', 106, 'PREP CAPES LVE ESPAGNOL PUBLIC'),
(3058, 'IE2C1D', 52, 732, 'PLC1 HISTOIRE GEO PUBLIC', 106, 'PREP CAPES HISTOIRE GEO PUBLIC'),
(3059, 'IE2F1D', 52, 732, 'PLC1 LETTRES MODERNES PUB', 106, 'PREP CAPES LETTRES MODERNES PUBLIC'),
(3060, '0C1141', 43, 733, 'CAPACITE 1 ANNEE REIMS', 105, 'CAPACITE 1ERE ANNEE REIMS'),
(3061, '0C1142', 43, 733, 'CAPACITE 2 ANNEE REIMS', 105, 'CAPACITE 2 ANNEE REIMS'),
(3062, '2DH101', 46, 733, 'DOCTORAT DROIT PUBLIC', 120, 'DOCTORAT DROIT PUBLIC'),
(3063, '2DH201', 46, 733, 'DOCTORAT DROIT PRIVE', 120, 'DOCTORAT DROIT PRIVE'),
(3064, '2UD201', 42, 733, 'DU IRDA 1A', 120, 'DU IRDA 1A'),
(3065, '2UD202', 42, 733, 'DU IRDA 2A', 120, 'DU IRDA 2A'),
(3066, '2UD203', 42, 733, 'DU IRDA 3A', 120, 'DU IRDA 3A'),
(3067, '2UD301', 42, 733, 'DU SECURITE', 120, 'DU SECURITE'),
(3068, '2ZD101', 43, 733, 'IEJ', 120, 'IEJ'),
(3069, '2ZD201', 43, 733, 'IPAG', 120, 'IPAG'),
(3070, '3LD201', 44, 733, 'L1 DROIT', 101, 'LICENCE DROIT 1ERE ANNEE - REIMS'),
(3071, '3LD203', 44, 733, 'L2 DROIT', 101, 'LICENCE DROIT 2EME ANNEE - REIMS'),
(3072, '3LD203', 44, 733, 'L2 DROIT', 102, 'LICENCE DROIT ACCORD RMS 2EME ANNEE'),
(3073, '3LD205', 44, 733, 'L3 DROIT', 101, 'LICENCE DROIT 3EME ANNEE - REIMS'),
(3074, '3LD205', 44, 733, 'L3 DROIT', 103, 'LICENCE DROIT IRDA 3EME ANNEE'),
(3075, '3LD405', 44, 733, 'L3 ADMIN PUBLIQUE', 101, 'LICENCE ADMINISTRATION PUBLIQUE 3EME ANNEE - REIMS'),
(3076, '3MD113', 45, 733, 'M2 DROIT NOTARIAL', 101, 'MASTER DROIT NOTARIAL 2EME ANNEE'),
(3077, '3MD123', 45, 733, 'M2 DROIT PENAL', 101, 'MASTER DROIT PENAL ET SCIENCES CRIMINELLES 2EME ANNEE'),
(3078, '3MD133', 45, 733, 'M2 DROIT TRAVAIL', 101, 'MASTER DROIT DU CONTRAT DE TRAVAIL 2EME ANNEE'),
(3079, '3MD143', 45, 733, 'M2 DROIT AFFAIRES PME PMI', 101, 'MASTER DROIT DES AFFAIRES DROIT DES PME PMI 2EME ANNEE'),
(3080, '3MD153', 45, 733, 'M2 DROIT ET PROCEDURES', 101, 'MASTER DROIT ET PROCEDURES 2EME ANNEE'),
(3081, '3MD1Z1', 45, 733, 'M1 DROIT PRIVE', 101, 'MASTER DROIT PRIVE 1ERE ANNEE'),
(3082, '3MD213', 45, 733, 'M2 DROIT ENTR DEV LOCAL', 101, 'MASTER DROIT DES ENTREPRISES DU DEVELOPPEMENT LOCAL 2EME ANNEE'),
(3083, '3MD223', 45, 733, 'M2 CADRE SUP AFRIQUE', 101, 'MASTER CADRE SUP ADMIN SERV PUBLICS ET SECT PRIVE AFRIQUE 2EME ANNEE'),
(3084, '3MD233', 45, 733, 'M2 DROIT PUBLIC', 101, 'MASTER DROIT PUBLIC CARRIERES PUBLIQUES 2EME ANNEE'),
(3085, '3MD243', 45, 733, 'M2 DROIT COLLECTIVITES', 101, 'MASTER DROIT COLLECTIVITES LOCALES ET ENTREPR CULTURELLES 2EME ANNEE'),
(3086, '3MD253', 45, 733, 'M2 SPE INTEGR COMMUNAU', 101, 'MASTER SPE INTEGR COMMUNAUTAIRE ET POLITIQUE EURO VOISINAGE 2EME ANNEE'),
(3087, '3MD263', 45, 733, 'M2 DROIT DU VIN', 101, 'MASTER DROIT DU VIN ET DES SPIRITUEUX 2EME ANNEE'),
(3088, '3MD2Z1', 45, 733, 'M1 DROIT PUBLIC', 101, 'MASTER DROIT PUBLIC 1ERE ANNEE - REIMS'),
(3089, '3PD421', 49, 733, 'L PRO NOTARIAT', 101, 'LICENCE PRO METIERS DU NOTARIAT'),
(3090, '7E1111', 43, 733, 'EXAMEN D''ACCES C.R.F.P.A.', 1, 'EXAMEN D''ACCES AU CENTRE REGIONAL DE FORM. PROF. D''AVOCATS'),
(3091, '2DH301', 46, 734, 'DOCTORAT SCIENCES ECO', 130, 'DOCTORAT SCIENCES ECONOMIQUES'),
(3092, '2DH401', 46, 734, 'DOCTORAT SCIENCES GESTION', 130, 'DOCTORAT SCIENCES  DE GESTION'),
(3093, '3LD101', 44, 734, 'L1 ADMIN ECO ET SOCIALE', 101, 'LICENCE ADMINISTRATION ECONOMIQUE ET SOCIALE 1A - REIMS'),
(3094, '3LD103', 44, 734, 'L2 ADMIN ECO ET SOCIALE', 101, 'LICENCE ADMINISTRATION ECONOMIQUE ET SOCIALE 2A - REIMS'),
(3095, '3LD105', 44, 734, 'L3 ADMIN ECO ET SOCIALE', 101, 'LICENCE ADMINISTRATION ECONOMIQUE ET SOCIALE 3A - REIMS'),
(3096, '3LD301', 44, 734, 'L1 ECONOMIE GESTION', 101, 'LICENCE ECONOMIE GESTION 1ERE ANNEE'),
(3097, '3LD303', 44, 734, 'L2 ECONOMIE GESTION', 101, 'LICENCE ECONOMIE GESTION 2EME ANNEE'),
(3098, '3LD305', 44, 734, 'L3 ECONOMIE GESTION', 101, 'LICENCE ECONOMIE GESTION PARCOURS ANALYSE ECONOMIQUE 3EME ANNEE'),
(3099, '3LD305', 44, 734, 'L3 ECONOMIE GESTION', 102, 'LICENCE ECONOMIE GESTION PARCOURS GESTION 3EME ANNEE'),
(3100, '3LD305', 44, 734, 'L3 ECONOMIE GESTION', 103, 'LICENCE ECONOMIE GESTION PARCOURS CCA 3EME ANNEE'),
(3101, '3LD501', 44, 734, 'L1 SCIENCES SANIT SOC', 101, 'LICENCE SCIENCES SANITAIRES ET SOCIALES 1ERE ANNEE'),
(3102, '3LD503', 44, 734, 'L2 SCIENCES SANIT SOC', 101, 'LICENCE SCIENCES SANITAIRES ET SOCIALES 2EME ANNEE'),
(3103, '3LD505', 44, 734, 'L3 SCIENCES SANIT SOC', 101, 'LICENCE SCIENCES SANITAIRES ET SOCIALES 3EME ANNEE'),
(3104, '3MD311', 45, 734, 'M1 INTER SANI ET SOCIALES', 101, 'MAST AES INTERVENTION SANITAIRES ET SOCIALES 1ERE ANNEE'),
(3105, '3MD313', 45, 734, 'M2 INTER SANI ET SOCIALES', 101, 'MAST AES INTERVENTION SANITAIRES ET SOCIALES 2EME ANNEE'),
(3106, '3MD313', 45, 734, 'M2 INTER SANI ET SOCIALES', 201, 'MAST AES INTERVENTION SANITAIRES ET SOCIALES AMDOR FC 2A'),
(3107, '3MD313', 45, 734, 'M2 INTER SANI ET SOCIALES', 202, 'MAST AES INTERVENTION SANITAIRES ET SOCIALES 2A'),
(3108, '3MD321', 45, 734, 'M1 ADMI EXPERT SOCIO EC', 101, 'MAST AES ADMINISTRATION ET EXPERTISE SOCIO-ECONOMIQUE 1ERE ANNEE'),
(3109, '3MD323', 45, 734, 'M2 ADMI EXPERT SOCIO EC', 101, 'MAST AES ADMINISTRATION ET EXPERTISE SOCIO-ECONOMIQUE 2EME ANNEE'),
(3110, '3MD413', 45, 734, 'M2 ECO ENV DEV DURABLE', 101, 'MAST EA ECONOMIE, ENVIRONNEMENT ET DEVELOPPEMENT DURABLE 2EME ANNEE'),
(3111, '3MD423', 45, 734, 'M2 ENTREPRE ET INNOVATION', 101, 'MAST EA ENTREPRENEURIAT ET INNOVATION 2EME ANNEE'),
(3112, '3MD433', 45, 734, 'M2 EA ECO GEST GOUT LUXE', 101, 'MAST EA ECONOMIE ET GESTION DU GOUT ET DU LUXE 2EME ANNEE'),
(3113, '3MD443', 45, 734, 'M2 STATS EVAL PROSPECTIVE', 101, 'MASTER EA STATISTIQUES POUR L''EVALALUATION ET LA PROSPECTIVE 2A'),
(3114, '3MD4Z1', 45, 734, 'M1 ECO APPLIQUEE', 101, 'MAST EA ECONOMIE APPLIQUEE 1ERE ANNEE'),
(3115, '3MD513', 45, 734, 'M2 ADMIN ENTREPRISES', 101, 'MAST MGT ADMINISTRATION DES ENTREPRISES PARCOURS COMPETENCES COMPLEMENTAIRES EN ADMINIST. ENTREPRISES 2ME ANNEE'),
(3116, '3MD513', 45, 734, 'M2 ADMIN ENTREPRISES', 102, 'MAST MGT ADMINISTRATION DES ENTREPRISES PARCOURS MANAGEMENT DES PME 2EME ANNEE'),
(3117, '3MD523', 45, 734, 'M2 MAN ECO GEST GOUT LUXE', 101, 'MAST MGT ECONOMIE ET GESTION DU GOUT ET DU LUXE 2EME ANNEE'),
(3118, '3MD533', 45, 734, 'M2 LOGIST DUR GEST FLUX', 101, 'MAST MGT LOGISTIQUE DURABLE ET GESTION DES FLUX 2EME ANNEE'),
(3119, '3MD543', 45, 734, 'M2 MANAG ENTR ECO SOCIALE', 101, 'MAST MGT MANAGEMENT DES ENTREPRISES DE L''ECONOMIE SOCIALE 2EME ANNEE'),
(3120, '3MD553', 45, 734, 'M2 MANAG RESS HUMAIN QUAL', 101, 'MAST MGT MANAGEMENT DES RESSOURCES HUMAINES ET QUALITE 2EME ANNEE'),
(3121, '3MD5Z1', 45, 734, 'M1 MANAGEMENT', 101, 'MAST MGT PARCOURS RESSOURCES HUMAINES 1ERE ANNEE'),
(3122, '3MD5Z1', 45, 734, 'M1 MANAGEMENT', 102, 'MAST MGT PARCOURS MARKETING 1ERE ANNEE'),
(3123, '3MD611', 45, 734, 'M1 BANQUE FINANCE', 101, 'MAST FCC BANQUE FINANCE I 1ERE ANNEE'),
(3124, '3MD611', 45, 734, 'M1 BANQUE FINANCE', 401, 'MAST FCC BANQUE FINANCE A-CFA 1ERE ANNEE'),
(3125, '3MD613', 45, 734, 'M2 BANQUE FINANCE', 101, 'MAST FCC BANQUE FINANCE I 2EME ANNEE'),
(3126, '3MD613', 45, 734, 'M2 BANQUE FINANCE', 401, 'MAST FCC BANQUE FINANCE A-CFA 2EME ANNEE'),
(3127, '3MD621', 45, 734, 'M1 COMPTA CONTR AUDIT', 101, 'MAST FCC COMPTABILITE CONTROLE AUDIT 1ERE ANNEE'),
(3128, '3MD623', 45, 734, 'M2 COMPTA CONTR AUDIT', 101, 'MAST FCC COMPTABILITE CONTROLE AUDIT 2EME ANNEE'),
(3129, '3MD631', 45, 734, 'M1 DIR FIN CONT GES AUDIT', 101, 'MAST FCC DIRECTIONS FINANCIERES CONTROLE GESTION ET AUDIT 1ERE ANNEE'),
(3130, '3MD633', 45, 734, 'M2 DIR FIN CONT GES AUDIT', 101, 'MAST FCC DIRECTIONS FINANCIERES CONTROLE GESTION ET AUDIT PARCOURS CONTROLE DE GESTION ET PILOTAGE 2EME ANNEE'),
(3131, '3MD633', 45, 734, 'M2 DIR FIN CONT GES AUDIT', 102, 'MAST FCC DIRECTIONS FINANCIERES CONTROLE GESTION ET AUDIT PARCOURS FINANCE D''ENTREPRISE 2EME ANNEE'),
(3132, '3PD211', 49, 734, 'L PRO ADM GES ENT ECO SOC', 101, 'LICENCE PRO ADMIN ET GESTION ENTREPRISES ECONOMIE SOCIALE'),
(3133, '3PD221', 49, 734, 'L PRO MANAG PME', 101, 'LICENCE PRO MANAGEMENT DES PME'),
(3134, '3PH111', 49, 734, 'L PRO INTERV SOCIALE', 101, 'LICENCE PRO INTERVENTION SOCIALE'),
(3135, '8D2421', 42, 734, 'D.A.G.E.E.S', 105, 'D.A.G.E.E.S'),
(3136, '8D6222', 42, 734, 'D.E.S.S.E.U.R.2A', 105, 'D.E.S.S.E.U.R.2A'),
(3137, '8D6611', 42, 734, 'DU CIPP', 107, 'CERTIFICAT D''INSERTION PROFESSIONNELLE PAR PROJET'),
(3138, '2DS401', 46, 735, 'DOCTORAT ODONTOLOGIE', 140, 'DOCTORAT ODONTOLOGIE'),
(3139, '2LS7D3', 53, 735, 'L2 DENTAIRE', 140, 'L2 ODONTOLOGIE (DFGSD2)'),
(3140, '2LS7D5', 53, 735, 'L3 DENTAIRE', 140, 'L3 DENTAIRE (DFGSD3)'),
(3141, '33C113', 53, 735, 'AEAO 3 A', 981, 'ATTESTATION D''ETUDES APPROFONDIES EN CHIRURGIE DENTAIRE 3 A'),
(3142, '34C123', 53, 735, 'CECSMO 3EME ANNEE', 105, 'CERTIFICAT D''ETUDES CLINIQUES SPECIALES ORTHODONTIE 3 A'),
(3143, '34C124', 53, 735, 'CECSMO 4 EME ANNEE', 105, 'CERTIFICAT D''ETUDES CLINIQUES SPECIALES ORTHODONTIE 4 A'),
(3144, '37C511', 53, 735, 'CES PARODONTOLOGIE', 140, 'CES PARADONTOLOGIE'),
(3145, '3MS511', 45, 735, 'M1 BIOMEC BIOMAT BIOMED', 101, 'MASTER BIOMECANIQUE, BIOMATERIAUX, BIOMEDICALES 1ERE ANNEE'),
(3146, '3MS513', 45, 735, 'M2 BIOMEC BIOMAT BIOMED', 101, 'MASTER BIOMECANIQUE, BIOMATERIAUX, BIOMEDICALES 2EME ANNEE'),
(3147, '3OC113', 53, 735, 'DE CHIR. DENTAIRE 3 A', 207, 'DIPLOME D''ETAT DE DOCTEUR EN CHIRURGIE DENTAIRE 3 A'),
(3148, '3OC114', 53, 735, 'DE CHIR. DENTAIRE 4 A', 205, 'DIPLOME D''ETAT DE DOCTEUR EN CHIRURGIE DENTAIRE 4 A'),
(3149, '3OC115', 53, 735, 'DE CHIR. DENTAIRE 5 A', 105, 'DIPLOME D''ETAT DE DOCTEUR EN CHIRURGIE DENTAIRE 5 A'),
(3150, '3OC126', 53, 735, 'D.E. CHIR. DENTAIRE 6 A', 105, 'D.E. CHIR. DENTAIRE'),
(3151, '3OC127', 53, 735, 'D.E. CHIR. DENTAIRE THESE', 105, 'D.E. CHIR. DENTAIRE'),
(3152, '8DC311', 42, 735, 'DU DUOC 1A', 140, 'DU DUOC 1ERE ANNEE'),
(3153, '8P8271', 43, 735, 'C2I NIVEAU 1 ODONTO', 105, 'C2I NIVEAU 1 ODONTO'),
(3154, '2DS501', 46, 736, 'DOCTORAT PHARMACIE', 145, 'DOCTORAT PHARMACIE'),
(3155, '2LS7P3', 53, 736, 'L2 PHARMACIE', 245, 'L2 PHARMACIE (DFGSP2)'),
(3156, '2LS7P5', 53, 736, 'L3 PHARMACIE', 145, '3e ANNE PHARMACIE (DFGSP3)'),
(3157, '2US601', 42, 736, 'DU MYCOLOGIE NIV BAC+3', 145, 'DU MYCOLOGIE'),
(3158, '2US701', 42, 736, 'DU MYCOLOGIE NIV BAC+6', 145, 'DU MYCOLOGIE NIVEAU BAC+6'),
(3159, '3DD111', 53, 736, 'DES BIOLOGIE MEDICALE 1A', 981, 'DES BIOLOGIE MEDICALE 1ERE ANNEE'),
(3160, '3DD113', 53, 736, 'DES BIOLOGIE MEDICALE 3A', 981, 'DES BIOLOGIE MEDICALE 3EME ANNEE'),
(3161, '3DD114', 53, 736, 'DES BIOLOGIE MEDICALE 4A', 981, 'DES BIOLOGIE MEDICALE 4EME ANNEE'),
(3162, '3DD511', 53, 736, 'DES PHARMACIE 1ERE ANNEE', 981, 'DES PHARMACIE 1ERE ANNEE'),
(3163, '3DD512', 53, 736, 'DES PHARMACIE 2EME ANNEE', 981, 'DES PHARMACIE 2EME ANNEE'),
(3164, '3DD533', 43, 736, 'DES PHARMACIE OPT HOSP 3A', 145, 'DES PHARMACIE OPT HOSPITALIERE 3 A'),
(3165, '3DD534', 43, 736, 'DES PHARMACIE OPT HOSP 4A', 145, 'DES PHARMACIE OPT HOSPITALIERE 4A'),
(3166, '3DD611', 43, 736, 'DES IPR 1A', 145, 'DES INNOVATION PHARMACEUTIQUE ET RECHERCHE 1ERE ANNEE'),
(3167, '3MS111', 45, 736, 'M1 BIOLOGIE SANTE QUALITE', 102, 'MASTER BIOLOGIE, SANTE, QUALITE 1ERE ANNEE SANTE'),
(3168, '3MS133', 45, 736, 'M2 CHIM SUBST NATU MEDI', 111, 'MASTER CHIMIE SUBSTANCES NATURELLES ET MEDICAMENTS PARCOURS CHIMO 2EME ANNEE'),
(3169, '3MS133', 45, 736, 'M2 CHIM SUBST NATU MEDI', 112, 'MASTER CHIMIE SUBSTANCES NATURELLES ET MEDICAMENTS PARCOURS PROVALI 2EME ANNEE'),
(3170, '3MS133', 45, 736, 'M2 CHIM SUBST NATU MEDI', 113, 'MASTER CHIMIE SUBSTANCES NATURELLES ET MEDICAMENTS PARCOURS MQR 2EME ANNEE'),
(3171, '3PD114', 53, 736, 'PHARMACIE 4EME ANNEE', 105, 'DIPLOME D''ETAT DE DOCTEUR EN PHARMACIE 4EME ANNEE'),
(3172, '3PD125', 53, 736, 'PHARMACIE 5EME ANNEE OFF.', 105, 'DIPLOME D''ETAT DE DOCTEUR EN PHARMACIE 5EME ANNEE OFFICINE'),
(3173, '3PD126', 53, 736, 'PHARMACIE 5EME ANNEE INT.', 105, 'DIPLOME D''ETAT DE DOCTEUR EN PHARMACIE 5EME ANNEE INTERNAT'),
(3174, '3PD127', 53, 736, 'PHARMACIE 5EME ANNEE IND.', 105, 'DIPLOME D''ETAT DE DOCTEUR EN PHARMACIE 5EME ANNEE INDUSTRIE'),
(3175, '3PD128', 53, 736, 'PHARMACIE 6EME ANNEE OFF.', 105, 'DIPLOME D''ETAT DE DOCTEUR EN PHARMACIE 6EME ANNEE OFFICINE'),
(3176, '3PD129', 53, 736, 'PHARMACIE 6EME ANNEE IND.', 105, 'DIPLOME D''ETAT DE DOCTEUR EN PHARMACIE 6EME ANNEE INDUSTRIE'),
(3177, '3PD12A', 53, 736, 'THESE D''EXERCICE PHARM.', 105, 'THESE D''EXERCICE DE DOCTEUR EN PHARMACIE'),
(3178, '3PS211', 49, 736, 'L PRO BIOTECH SANTE', 101, 'LICENCE PRO BIOTECHNOLOGIES APPLIQUEES A LA SANTE'),
(3179, '4HD111', 46, 736, 'HDR PHARMACIE', 981, 'HABILITATION A DIRIGER LES RECHERCHES - PHARMACIE'),
(3180, '8D0I21', 42, 736, 'DU HOMEOPATHIE 1ERE ANNEE', 107, 'DU HOMEOPATHIE'),
(3181, '2DS301', 46, 737, 'DOCTORAT MEDECINE', 150, 'DOCTORAT MEDECINE'),
(3182, '2FB111', 53, 737, 'DIP. SAGES-FEMMES 1A', 981, 'DIPLOME D''ETAT DE  SAGES-FEMMES 1ERE ANNEE'),
(3183, '2FB112', 53, 737, 'DIP. SAGES-FEMMES 2A', 981, 'DIPLOME D''ETAT DE SAGES-FEMMES 2EME ANNEE'),
(3184, '2FB113', 53, 737, 'DIP. SAGES-FEMMES 3A', 981, 'DIPLOME D''ETAT DE SAGES-FEMMES 3EME ANNEE'),
(3185, '2FB114', 53, 737, 'DIP. SAGES-FEMMES 4A', 981, 'DIPLOME D''ETAT DE SAGES-FEMMES 4EME ANNEE'),
(3186, '2LS601', 44, 737, 'PREMIERE ANNEE COMMUNE SA', 150, 'PREMIERE ANNEE COMMUNE SANTE'),
(3187, '2LS7M3', 53, 737, 'L2 MEDECINE', 150, 'L2 MEDECINE (DFGSM2)'),
(3188, '2LS7M5', 53, 737, 'L3 MEDECINE', 150, 'L3 MEDECINE (DFGSM3)'),
(3189, '2MS381', 45, 737, 'M1 SANTE PUB ENV', 150, 'MASTER SANTE PUBLIQUE ET ENVIRONNEMENT 1ERE ANNEE'),
(3190, '2MS383', 45, 737, 'M2 SANTE PUB ET ENV', 150, 'M2 SANTE PUB ET ENV'),
(3191, '35B111', 53, 737, 'CAPACITE ALLERGOLOGIE 1A', 961, 'CAPACITE D''ALLERGOLOGIE 1ERE ANNEE'),
(3192, '35B112', 53, 737, 'CAPACITE ALLERGOLOGIE 2A', 961, 'CAPACITE D''ALLERGOLOGIE 2EME ANNEE'),
(3193, '35B310', 53, 737, 'CAPACITE MED BIOL SP. PB', 1, 'CAPACITE MEDECINE ET BIOLOGIE DU SPORT PROBATOIRE'),
(3194, '35B311', 53, 737, 'CAPACITE BIOL MED SPO 1 A', 961, 'CAPACITE MEDECINE ET BIOLOGIE DU SPORT PROBATOIRE'),
(3195, '35B610', 53, 737, 'CAPACITE PRAT MED.JUD. PR', 1, 'CAPACITE PRATIQUES MEDICO JUDICIAIRES PROBATOIRE'),
(3196, '35B611', 53, 737, 'CAPACITE PRAT MED JUDI 1A', 991, 'CAPACITE DE PRATIQUES MEDICO-JUDICIAIRES 1ERE ANNEE'),
(3197, '35B612', 53, 737, 'CAPA. PRAT. MED. JUDI. 2A', 991, 'CAPACITE DE PRATIQUES MEDICO-JUDICIAIRES 2EME ANNEE'),
(3198, '35B810', 53, 737, 'CAPACITE GERONTO. PRO', 1, 'CAPACITE GERONTOLOGIE  1 ANNEE'),
(3199, '35B811', 53, 737, 'CAPACITE GERONTOLOGIE 1A', 1, 'CAPACITE DE GERONTOLOGIE PROBATOIRE'),
(3200, '35B812', 53, 737, 'CAPACITE GERONTOLOGIE 2A', 1, 'CAPACITE DE GERONTOLOGIE 2A'),
(3201, '3DB111', 53, 737, 'DES ANAT. CYTO. PATHO. 1A', 150, 'DES ANAT. CYTO. PATHO. 1A'),
(3202, '3DB112', 53, 737, 'DES ANAT. CYTO. PATHO. 2A', 150, 'DES ANAT. CYTO. PATHO. 2A'),
(3203, '3DB113', 53, 737, 'DES ANAT. CYTO. PATHO. 3A', 981, 'DES ANATOMIE ET CYTOLOGIE PATHOLOGIQUES 3EME ANNEE'),
(3204, '3DB114', 43, 737, 'DES ANAT. CYTO. PATHO. 4A', 981, 'DES ANATOMIE ET CYTOLOGIE PATHOLOGIQUES 4EME ANNEE'),
(3205, '3DB211', 53, 737, 'DES ANESTHESIE-REANIM 1A', 991, 'DES ANESTHESIE-REANIMATION 1ERE ANNEE'),
(3206, '3DB212', 53, 737, 'DES ANESTH. REA. 2A', 991, 'DES ANESTHESIE-REANIMATION  2EME ANNEE'),
(3207, '3DB213', 53, 737, 'DES ANESTH. REA. 3A', 991, 'DES ANESTHESIE-REANIMATION  3EME ANNEE'),
(3208, '3DB214', 53, 737, 'DES ANESTH. REA. 4A', 991, 'DES ANESTHESIE-REANIMATION 4EME ANNEE'),
(3209, '3DB215', 53, 737, 'DES ANESTH.REANIMA. 5A', 105, 'DES ANESTHESIE-REANIMATION 5 ANNEE'),
(3210, '3DB311', 53, 737, 'DES DERMATO.-VENEREOL. 1A', 150, 'DES DERMATO.-VENEREOL. 1A'),
(3211, '3DB312', 53, 737, 'DES DERMATO.-VENEREOL. 2A', 150, 'DES DERMATO.-VENEREOL. 2A'),
(3212, '3DB313', 53, 737, 'DES DERMATO.-VENEREOL. 3A', 981, 'DES DERMATOLOGIE-VENEREOLOGIE 3EME ANNEE'),
(3213, '3DB314', 53, 737, 'DES DERMATO.-VENEREOL. 4A', 981, 'DES DERMATOLOGIE-VENEREOLOGIE 4EME ANNEE'),
(3214, '3DB411', 53, 737, 'DES ENDOC. METABOLIS. 1A', 150, 'DES ENDOC. METABOLIS. 1A'),
(3215, '3DB412', 53, 737, 'DES ENDOC. METABOLIS. 2A', 150, 'DES ENDOC. METABOLIS. 2A'),
(3216, '3DB413', 53, 737, 'DES ENDOC. METABOLIS. 3A', 981, 'DES ENDOCRINOLOGIE ET METABOLISME 3EME ANNEE'),
(3217, '3DB414', 53, 737, 'DES ENDOC. METABOLIS. 4A', 981, 'DES ENDOCRINOLOGIE ET METABOLISME 4EME ANNEE'),
(3218, '3DB511', 53, 737, 'DES GASTRO-ENTER. HEP. 1A', 150, 'DES GASTRO-ENTER. HEP. 1A'),
(3219, '3DB513', 53, 737, 'DES GASTRO-ENTER. HEP. 3A', 981, 'DES GASTRO-ENTEROLOGIE ET HEPATOLOGIE 3EME ANNEE'),
(3220, '3DB514', 53, 737, 'DES GASTRO-ENTER. HEP. 4A', 981, 'DES GASTRO-ENTEROLOGIE ET HEPATOLOGIE 4EME ANNEE'),
(3221, '3DB613', 53, 737, 'DES GENETIQUE MEDICALE 3A', 981, 'DES GENETIQUE MEDICALE 3EME ANNEE'),
(3222, '3DB711', 53, 737, 'DES HEMATOLOGIE 1A', 150, 'DES HEMATOLOGIE 1A'),
(3223, '3DB712', 53, 737, 'DES HEMATOLOGIE 2A', 150, 'DES HEMATOLOGIE 2A'),
(3224, '3DB713', 53, 737, 'DES HEMATOLOGIE 3A', 981, 'DES HEMATOLOGIE 3EME ANNEE'),
(3225, '3DB715', 43, 737, 'DES HEMATOLOGIE 5?me A', 108, 'DES HEMATOLOGIE 5?me ANNEE'),
(3226, '3DB811', 53, 737, 'DES MEDECINE INTERNE 1A', 150, 'DES MEDECINE INTERNE 1A'),
(3227, '3DB812', 53, 737, 'DES MEDECINE INTERNE 2A', 150, 'DES MEDECINE INTERNE 2A'),
(3228, '3DB813', 53, 737, 'DES MEDECINE INTERNE 3A', 981, 'DES MEDECINE INTERNE 3EME ANNEE'),
(3229, '3DB814', 53, 737, 'DES MEDECINE INTERNE 4A', 981, 'DES MEDECINE INTERNE 4EME ANNEE'),
(3230, '3DB815', 53, 737, 'DES MEDECINE INTERNE 5A', 981, 'DES MEDECINE INTERNE 5EME ANNEE'),
(3231, '3DB912', 53, 737, 'DES MEDECINE NUCLEAIRE 2A', 150, 'DES MEDECINE NUCLEAIRE 2A'),
(3232, '3DB914', 53, 737, 'DES MEDECINE NUCLEAIRE 4A', 981, 'DES MEDECINE NUCLEAIRE 4EME ANNEE'),
(3233, '3DBA12', 53, 737, 'DES MED. PHYS. READAP. 2A', 150, 'DES MED. PHYS. READAP. 2A'),
(3234, '3DBA13', 53, 737, 'DES MED. PHYS. READAP. 3A', 981, 'DES MEDECINE PHYSIQUE ET DE READAPTATION 3EME ANNEE'),
(3235, '3DBA14', 53, 737, 'DES MED. PHYS. READAP. 4A', 981, 'DES MEDECINE PHYSIQUE ET DE READAPTATION 4EME ANNEE'),
(3236, '3DBB11', 53, 737, 'DES NEPHROLOGIE 1A', 150, 'DES NEPHROLOGIE 1A'),
(3237, '3DBB12', 53, 737, 'DES NEPHROLOGIE 2A', 150, 'DES NEPHROLOGIE 2A'),
(3238, '3DBB13', 53, 737, 'DES NEPHROLOGIE 3A', 981, 'DES NEPHROLOGIE 3EME ANNEE'),
(3239, '3DBB14', 53, 737, 'DES NEPHROLOGIE 4A', 981, 'DES NEPHROLOGIE 4EME ANNEE'),
(3240, '3DBC11', 53, 737, 'DES NEUROLOGIE 1A', 150, 'DES NEUROLOGIE 1A'),
(3241, '3DBC13', 53, 737, 'DES NEUROLOGIE 3A', 981, 'DES NEUROLOGIE 3EME ANNEE'),
(3242, '3DBC14', 53, 737, 'DES NEUROLOGIE 4A', 981, 'DES NEUROLOGIE 4EME ANNEE'),
(3243, '3DBE12', 53, 737, 'DES ONCO.OPT.ONC.RADI. 2A', 150, 'DES ONCOLOGIE OPTION ONCOLGIE RADIOTHERAPIQUE  2A'),
(3244, '3DBE13', 53, 737, 'DES ONCO.OPT.ONC.RADI. 3A', 981, 'DES ONCOLOGIE OPTION RADIOTHERAPIQUE 3EME ANNEE'),
(3245, '3DBE14', 53, 737, 'DES ONCO. RADIOTHERAP. 4A', 981, 'DES ONCOLOGIE OPTION RADIOTHERAPIQUE 4EME ANNEE'),
(3246, '3DBE15', 53, 737, 'DES ONCOLOGIE RADIOTHE 5A', 107, 'DES ONCOLOGIE OPTION ONCOLOGIE RADIOTHERAPIQUE 5A'),
(3247, '3DBE23', 53, 737, 'DES ONCO.OPT.ONCO.MED 3A', 106, 'DES ONCOLOGIE OPTION ONCOLOGIE MEDICALE 3?me ann'),
(3248, '3DBE24', 53, 737, 'DES ONCO.OPT.ONCO.MED.4A', 106, 'DES ONCOLOGIE OPTION ONCOLOGIE MEDICALE 4?me ann'),
(3249, '3DBF11', 53, 737, 'DES CARDIO.MAL.VASCUL. 1A', 150, 'DES CARDIO.MAL.VASCUL. 1A'),
(3250, '3DBF12', 53, 737, 'DES CARDIO.MAL.VASCUL. 2A', 150, 'DES CARDIO.MAL.VASCUL. 2A'),
(3251, '3DBF13', 53, 737, 'DES CARDIO.MAL.VASCUL. 3A', 981, 'DES CARDIOLOGIE ET MALADIES VASCULAIRES 3EME ANNEE'),
(3252, '3DBF14', 53, 737, 'DES CARDIO.MAL.VASCU 4A', 981, 'DES CARDIOLOGIE ET MALADIES VASCULAIRES 4EME ANNEE'),
(3253, '3DBG11', 53, 737, 'DES PEDIATRIE 1A', 991, 'DES PEDIATRIE 1ERE ANNEE'),
(3254, '3DBG12', 53, 737, 'DES PEDIATRIE 2A', 991, 'DES PEDIATRIE 2EME ANNEE'),
(3255, '3DBG13', 53, 737, 'DES PEDIATRIE 3A', 991, 'DES PEDIATRIE 3EME ANNEE'),
(3256, '3DBG14', 53, 737, 'DES PEDIATRIE 4A', 991, 'DES PEDIATRIE 4EME ANNEE'),
(3257, '3DBH11', 53, 737, 'DES PNEUMOLOGIE 1A', 150, 'DES PNEUMOLOGIE 1A'),
(3258, '3DBH13', 53, 737, 'DES PNEUMOLOGIE 3A', 981, 'DES PNEUMOLOGIE 3EME ANNEE'),
(3259, '3DBH14', 53, 737, 'DES PNEUMOLOGIE 4A', 981, 'DES PNEUMOLOGIE 4EME ANNEE'),
(3260, '3DBI11', 53, 737, 'DES RADIODIA. IMA. ME. 1A', 150, 'DES RADIODIA. IMA. ME. 1A'),
(3261, '3DBI12', 53, 737, 'DES RADIODIA. IMA. ME. 2A', 150, 'DES RADIODIA. IMA. ME. 2A'),
(3262, '3DBI13', 53, 737, 'DES RADIODIA. IMA. ME. 3A', 981, 'DES RADIODIAGNOSTIC ET IMAGERIE MEDICALE 3EME ANNEE'),
(3263, '3DBI14', 53, 737, 'DES RADIODIA. IMA. ME. 4A', 981, 'DES RADIODIAGNOSTIC ET IMAGERIE MEDICALE 4EME ANNEE'),
(3264, '3DBI15', 53, 737, 'DES RADIODIA.IMA.ME.5? AN', 106, 'DES RADIODIAGNOSTIC ET IMAGERIE MEDICALE 5?me ann'),
(3265, '3DBJ11', 53, 737, 'DES RHUMATOLOGIE 1A', 150, 'DES RHUMATOLOGIE 1A'),
(3266, '3DBJ12', 53, 737, 'DES RHUMATOLOGIE 2A', 150, 'DES RHUMATOLOGIE 2A'),
(3267, '3DBJ13', 53, 737, 'DES RHUMATOLOGIE 3A', 981, 'DES RHUMATOLOGIE 3EME ANNEE'),
(3268, '3DBJ14', 53, 737, 'DES RHUMATOLOGIE 4A', 981, 'DES RHUMATOLOGIE 4EME ANNEE'),
(3269, '3DBK11', 53, 737, 'DES MED. DU TRAVAIL 1A', 981, 'DES MEDECINE DU TRAVAIL 1ERE ANNEE'),
(3270, '3DBK12', 53, 737, 'DES MED. DU TRAVAIL 2A', 981, 'DES MEDECINE DU TRAVAIL 2EME ANNEE'),
(3271, '3DBK13', 53, 737, 'DES MED. DU TRAVAIL 3A', 981, 'DES MEDECINE DU TRAVAIL 3EME ANNEE'),
(3272, '3DBK14', 53, 737, 'DES MED. DU TRAVAIL 4A', 981, 'DES MEDECINE DU TRAVAIL 4EME ANNEE'),
(3273, '3DBL11', 53, 737, 'DES SANTE PUB. ME. SO. 1A', 981, 'DES SANTE PUBLIQUE ET MEDECINE SOCIALE 1ERE ANNEE'),
(3274, '3DBL12', 53, 737, 'DES SANTE PUB. ME. SO. 2A', 981, 'DES SANTE PUBLIQUE ET MEDECINE SOCIALE 2EME ANNEE'),
(3275, '3DBL13', 53, 737, 'DES SANTE PUB. ME. SO. 3A', 981, 'DES SANTE PUBLIQUE ET MEDECINE SOCIALE 3EME ANNEE'),
(3276, '3DBL14', 53, 737, 'DES SANTE PUB. ME. SO. 4A', 981, 'DES SANTE PUBLIQUE ET MEDECINE SOCIALE 4EME ANNEE'),
(3277, '3DBM11', 53, 737, 'DES PSYCHIATRIE 1A', 981, 'DES PSYCHIATRIE 1ERE ANNEE'),
(3278, '3DBM12', 53, 737, 'DES PSYCHIATRIE 2A', 981, 'DES PSYCHIATRIE 2EME ANNEE'),
(3279, '3DBM13', 53, 737, 'DES PSYCHIATRIE 3A', 981, 'DES PSYCHIATRIE 3EME ANNEE'),
(3280, '3DBM14', 53, 737, 'DES PSYCHIATRIE 4A', 981, 'DES PSYCHIATRIE 4EME ANNEE'),
(3281, '3DBN11', 53, 737, 'DES BIOLOGIE MEDICALE 1A', 981, 'DES BIOLOGIE MEDICALE 1ERE ANNEE'),
(3282, '3DBN12', 53, 737, 'DES BIOLOGIE MEDICALE 2A', 981, 'DES BIOLOGIE MEDICALE 2EME ANNEE'),
(3283, '3DBN13', 53, 737, 'DES BIOLOGIE MEDICALE 3A', 981, 'DES BIOLOGIE MEDICALE 3EME ANNEE'),
(3284, '3DBN14', 53, 737, 'DES BIOLOGIE MEDICALE 4A', 981, 'DES BIOLOGIE MEDICALE 4EME ANNEE'),
(3285, '3DBO11', 53, 737, 'DES CHIRURGIE GENERALE 1A', 150, 'DES CHIRURGIE GENERALE 1A'),
(3286, '3DBO12', 53, 737, 'DES CHIRURGIE GENERALE 2A', 150, 'DES CHIRURGIE GENERALE 2A'),
(3287, '3DBO13', 53, 737, 'DES CHIRURGIE GENERALE 3A', 981, 'DES CHIRURGIE GENERALE 3EME ANNEE'),
(3288, '3DBO14', 53, 737, 'DES CHIRURGIE GENERALE 4A', 981, 'DES CHIRURGIE GENERALE 4EME ANNEE'),
(3289, '3DBO15', 53, 737, 'DES CHIRURGIE GENERALE 5A', 981, 'DES CHIRURGIE GENERALE 5EME ANNEE'),
(3290, '3DBP11', 53, 737, 'DES GYNEC. OBSTETRIQUE 1A', 991, 'DES GYNECOLOGIE OBSTETRIQUE 1ERE ANNEE'),
(3291, '3DBP12', 53, 737, 'DES GYNEC. OBSTETRIQUE 2A', 991, 'DES GYNECOLOGIE OBSTETRIQUE 2EME ANNEE'),
(3292, '3DBP13', 53, 737, 'DES GYNEC. OBSTETRIQUE 3A', 991, 'DES GYNECOLOGIE OBSTETRIQUE 3EME ANNEE'),
(3293, '3DBP14', 53, 737, 'DES GYNEC. OBSTETRIQUE 4A', 991, 'DES GYNECOLOGIE OBSTETRIQUE 4EME ANNEE'),
(3294, '3DBP15', 53, 737, 'DES GYNEC. OBSTETRIQUE 5A', 991, 'DES GYNECOLOGIE OBSTETRIQUE 5EME ANNEE'),
(3295, '3DBQ12', 53, 737, 'DES NEUROCHIRURGIE 2A', 150, 'DES NEUROCHIRURGIE 2A'),
(3296, '3DBQ13', 53, 737, 'DES NEUROCHIRURGIE 3A', 981, 'DES NEUROCHIRURGIE 3EME ANNEE'),
(3297, '3DBR11', 53, 737, 'DES OPHTALMOLOGIE 1A', 150, 'DES OPHTALMOLOGIE 1A'),
(3298, '3DBR13', 53, 737, 'DES OPHTALMOLOGIE 3A', 981, 'DES OPHTALMOLOGIE 3EME ANNEE'),
(3299, '3DBR14', 53, 737, 'DES OPHTALMOLOGIE 4A', 981, 'DES OPHTALMOLOGIE 4EME ANNEE'),
(3300, '3DBR15', 53, 737, 'DES OPHTALMOLOGIE 5A', 981, 'DES OPHTALMOLOGIE 5EME ANNEE'),
(3301, '3DBS24', 53, 737, 'DES OTO-RHINO-LARYNG 4 A', 107, 'DES OTO-RHINO-LARYNGOLOGIE 4EME ANNEE'),
(3302, '3DBS25', 53, 737, 'DES OTO-RHINO-LARYNGOLOGI', 107, 'DES OTO-RHINO-LARYNGOLOGIE 5EME ANNEE'),
(3303, '3DBU11', 53, 737, 'DES MEDECINE GENERALE 1A', 104, 'DES MEDECINE GENERALE  1 ERE ANNEE'),
(3304, '3DBU12', 53, 737, 'DES MEDECINE GENERALE 2A', 104, 'DES MEDECINE GENERALE 2 ANNEE'),
(3305, '3DBU13', 53, 737, 'DES MEDECINE GENERALE 3A', 105, 'DES MEDECINE GENERALE 3?me ANNEE'),
(3306, '3DBV11', 53, 737, 'DES GYNECO. MED 1?reANNEE', 104, 'DES GYNECOLOGIE MEDICALE'),
(3307, '3DBV12', 53, 737, 'DES GYNECO.MEDICALE  2A', 106, 'DES GYNECOLOGIE .MEDICALE  2A'),
(3308, '3DBV14', 53, 737, 'DES GYNECOLOGIE MED.4A', 107, 'D.E.S. GYNECOLOGIE MEDICALE 4?me ANNEE'),
(3309, '3DBX11', 53, 737, 'DES SPECIALITES MEDIC. 1A', 981, 'DES SPECIALITES MEDICALES 1ERE ANNEE'),
(3310, '3DBX12', 53, 737, 'DES SPECIALITES MEDIC. 2A', 981, 'DES SPECIALITES MEDICALES 2EME ANNEE'),
(3311, '3DBZ11', 53, 737, 'DES SPECIALITES CHIR. 1A', 981, 'DES SPECIALITES CHIRURGICALES 1ERE ANNEE'),
(3312, '3DBZ12', 53, 737, 'DES SPECIALITES CHIR. 2A', 981, 'DES SPECIALITES CHIRURGICALES 2EME ANNEE'),
(3313, '3EB211', 53, 737, 'DESC CANCEROLOGIE 1A', 981, 'DESC CANCEROLOGIE 1ERE ANNEE'),
(3314, '3EB212', 53, 737, 'DESC CANCEROLOGIE 2A', 981, 'DESC CANCEROLOGIE 2EME ANNEE'),
(3315, '3EB411', 53, 737, 'DESC GERIATRIE 1A', 981, 'DESC GERIATRIE 1ERE ANNEE'),
(3316, '3EB712', 53, 737, 'DESC MED. LEG. EXP. ME.2A', 981, 'DES MEDECINE LEGALE ET EXPERTISES MEDICALES 2EME ANNEE'),
(3317, '3EB812', 53, 737, 'DESC MED. REPRO. GYNE. 2A', 981, 'DESC MEDECINE DE LA REPRODUC. ET GYNECO. MED.  2EME ANNEE'),
(3318, '3EBA12', 53, 737, 'DESC NUTRITION 2A', 981, 'DESC NUTRITION 2EME ANNEE'),
(3319, '3EBC11', 53, 737, 'DESC PATHO. INF. TROP. 1A', 981, 'DESC PATHO. INFECT. ET TROPI., CLINIQUE ET BIOLO. 1ERE ANNEE'),
(3320, '3EBC12', 53, 737, 'DESC PATHO. INF. TROP. 2A', 981, 'DESC PATHO. INFECT. ET TROPI., CLINIQUE ET BIOLO. 2EME ANNEE'),
(3321, '3EBE21', 53, 737, 'DESC PSY ENFANT ADOL. 1A', 107, 'DESC PSYCHIATRIE DE L''ENFANT ET DE L''ADOLESCENT 1ERE ANNEE'),
(3322, '3EBE22', 53, 737, 'DESC PSYENFANT ADOL. 2A', 107, 'DESC PSYCHIATRIE DE L''ENFANT ET DE L''ADOLESCENT 2EME ANNEE'),
(3323, '3EBF11', 53, 737, 'DESC REANIMATION MEDI. 1A', 981, 'DESC REANIMATION MEDICALE 1ERE ANNEE'),
(3324, '3EBF12', 53, 737, 'DESC REANIMATION MEDI. 2A', 981, 'DESC REANIMATION MEDICALE 2EME ANNEE'),
(3325, '3EBF13', 43, 737, 'DESC REANIMATION MED.3', 107, 'DESC REANIMATION MEDICALE 3?me Ann'),
(3326, '3EBH12', 43, 737, 'DESC CHIR. MAXIL.-FAC. 2A', 981, 'DESC CHIRURGIE MAXILLO-FACIALE 2EME ANNEE'),
(3327, '3EBI11', 53, 737, 'DESC CHIR. ORTH. TRAU. 1A', 981, 'DESC CHIRURGIE ORTHOPEDIQUE ET TRAUMATOLOGIE 1ERE ANNEE'),
(3328, '3EBI13', 43, 737, 'DESC CHIR. ORTH. TRAU. 3A', 981, 'DESC CHIRURGIE ORTHOPEDIQUE ET TRAUMATOLOGIE 3EME ANNEE'),
(3329, '3EBL11', 43, 737, 'DESC CHIR. UROLOGIQUE 1A', 981, 'DESC CHIRURGIE UROLOGIQUE 1ERE ANNEE'),
(3330, '3EBL12', 53, 737, 'DESC CHIR. UROLOGIQUE 2A', 981, 'DESC CHIRURGIE UROLOGIQUE 2EME ANNEE'),
(3331, '3EBL13', 53, 737, 'DESC CHIR. UROLOGIQUE 3A', 981, 'DESC CHIRURGIE UROLOGIQUE 3EME ANNEE'),
(3332, '3EBM11', 53, 737, 'DESC CHIR. VASCULAIRE 1A', 981, 'DESC CHIRURGIE VASCULAIRE 1ERE ANNEE'),
(3333, '3EBN12', 53, 737, 'DESC CHIR. VISC. DIGE. 2A', 981, 'DESC CHIRURGIE VISCERALE ET DIGESTIVE 2EME ANNEE'),
(3334, '3EBN13', 53, 737, 'DESC CHIR. VISC. DIGE. 3A', 981, 'DESC CHIRURGIE VISCERALE ET DIGESTIVE 3EME ANNEE'),
(3335, '3EBW11', 43, 737, 'DESC ADDICTOLOGIE 1A', 1, 'DESC D''ADDICTOLOGIE 1A'),
(3336, '3EBX12', 53, 737, 'DESC ALLERGO ET IMMUNO 2', 105, 'DESC ALLERGOLOGIE 2 ANNEE'),
(3337, '3EBY11', 53, 737, 'DESC NEONATOLOGIE', 31, 'NEONATOLOGIE'),
(3338, '3EBY12', 53, 737, 'DESC NEONATOLOGIE 2 A', 105, 'DESC NEONATOLOGIE 2 A'),
(3339, '3EBZ11', 53, 737, 'DESC MED. D''URGENCE 1A', 107, 'DESC MEDECINE D''URGENCE 1?re ANNEE'),
(3340, '3EBZ12', 53, 737, 'DESC MED.D''URGENCE 2A', 107, 'DESC MEDECINE D''URGENCE 2?me ANNEE'),
(3341, '3MB113', 53, 737, 'DCEM 1A', 105, 'DEUXIEME CYCLE DES ETUDES MEDICALES 1ERE ANNEE'),
(3342, '3MB114', 53, 737, 'DCEM 2A', 105, 'DEUXIEME CYCLE DES ETUDES MEDICALES 2EME ANNEE'),
(3343, '3MB115', 53, 737, 'DCEM 3A', 105, 'DEUXIEME CYCLE DES ETUDES MEDICALES 3EME ANNEE'),
(3344, '3MB116', 53, 737, 'DCEM 4A', 105, 'DEUXIEME CYCLE DES ETUDES MEDICALES 4EME ANNEE');
INSERT INTO `etape` (`IDETAPE`, `CODEETAPE`, `IDCURSUS`, `NUMCOMPOSANTE`, `LIBCOURTETAPE`, `VERSIONETAPE`, `LIBLONGETAPE`) VALUES
(3345, '3MB149', 53, 737, 'THESE D''EXERCICE MEDECINE', 107, 'THESE D''EXERCICE  MEDECINE'),
(3346, '4HB111', 50, 737, 'HDR EN MEDECINE', 981, 'HABILITATION  A DIRIGER DES RECHERCHES EN MEDECINE'),
(3347, '8D0011', 42, 737, 'DU ANAT CHIR ORL', 105, 'DU ANATOMIE CHIRURGICALE ORL ET OTO-NEUROLOGIQUE'),
(3348, '8D0111', 42, 737, 'DU APPROF PSY ADULTES', 105, 'DU APPROFONDISSEMENT EN  PSYCHIATRIE  ADULTES'),
(3349, '8D01C1', 42, 737, 'DU APPROF PSY', 105, 'DU APPROFONDISSEMENT EN  PSYCHIATRIE DES ADULTES'),
(3350, '8D04C1', 42, 737, 'DU DOULEUR', 105, 'DU DE LA DOULEUR POUR LES SOIGNANTS'),
(3351, '8D0BC1', 42, 737, 'DU PSYCHO ENFANT', 105, 'DU PSYCHOPATHOLOGIE DE L'' ENFANT ET DE L'' ADOLESCENT'),
(3352, '8D0D11', 42, 737, 'DU REANIMATION SOINS INT.', 105, 'DU REANIMATION SOINS INTENSIFS ET SURVEILLANCE POST INTERV.'),
(3353, '8D0DC1', 42, 737, 'DU REANIMATION SOINS INT.', 105, 'DU REANIMATION SOINS INTENSIFS ET SURVEILLANCE POST INTERV.'),
(3354, '8D0EC1', 42, 737, 'DU SUBSTANCES PSYCHO.', 105, 'DU SUBSTANCES PSYCHO.'),
(3355, '8D0GC1', 42, 737, 'DU PRISE EN CH. VERTIGES', 107, 'DUPRISE EN CHARGE DES VERTIGES'),
(3356, '8D0I11', 42, 737, 'DU HOMEOPATHIE 1ERE A', 107, 'DU HOMEOPATHIE'),
(3357, '8D0I12', 42, 737, 'DU HOMEOPATHIE 2E A', 150, 'DU HOMEOPATHIE 2E ANNEE'),
(3358, '8D0IC1', 42, 737, 'DU HOMEOPATHIE', 107, 'DU HOMEOPATHIE'),
(3359, '8D0IC2', 42, 737, 'DU HOMEOPATHIE 2E A', 150, 'DU HOMEOPATHIE'),
(3360, '8D0MC1', 42, 737, 'DU PSYCHO ONCOLOGIE', 150, 'DU PSYCHO ONCOLOGIE'),
(3361, '8D0P11', 42, 737, 'DU ANATOMIE CHIRURG', 150, 'DU ANATOMIE CHIRURGICALE HEPATO-BILIAIRE ET PANCREATIQUE'),
(3362, '8I05C1', 42, 737, 'DIU CANCEROLOGIE EN MEDEC', 105, 'DIU CANCEROLOGIE EN MEDECINE OMNIPRATICIENNE'),
(3363, '8I0611', 42, 737, 'DIU COLPOSCOPIE', 105, 'DIU COLPOSCOPIE ET PATHOLOGIE CERVICO VAGINALE'),
(3364, '8I06C1', 42, 737, 'DIU COLPOSCOPIE ET PATHOL', 105, 'DIU COLPOSCOPIE ET PATHOLOGIE CERVICO VAGINALE'),
(3365, '8I0AC1', 42, 737, 'DIU SSSM', 150, 'DIU SSSM'),
(3366, '8I1011', 42, 737, 'DIU ECHOGRAPHIE 1 A', 105, 'DIU ECHOGRAPHIE'),
(3367, '8I10C1', 42, 737, 'DIU ECHOGRAPHIE 1ERE  ANN', 105, 'DIU ECHOGRAPHIE 1ERE  ANNEE'),
(3368, '8I10C3', 42, 737, 'DIU ECHOGRAPHIE 3 EME ANN', 105, 'DIU ECHOGRAPHIE 3 EME ANNEE'),
(3369, '8I1811', 42, 737, 'DIU FORMATION COMP GYNECO', 105, 'DIU FORMATION COMPLEMENTAIRE EN GYNECOLOGIE'),
(3370, '8I18C1', 42, 737, 'DIU FORMATION COMPLEMENTA', 105, 'DIU FORMATION COMPLEMENTAIRE EN GYNECOLOGIE'),
(3371, '8I22C1', 42, 737, 'DIU MALADIE D''ALZHEIMER', 105, 'DIU MALADIE D''ALZHEIMER'),
(3372, '8I2411', 42, 737, 'DIU MED MANUELLE OST 1A', 105, 'DIU MEDECINE MANUELLE OST'),
(3373, '8I24C1', 42, 737, 'DIU MED MANUELLE OST 1A', 105, 'DIU MEDECINE MANUELLE OSTEOPATHE'),
(3374, '8I2511', 42, 737, 'DIU MEDECINE ET TRAUMA SP', 105, 'DIU MEDECINE ET TRAUMATOLOGIE DU SPORT'),
(3375, '8I25C1', 42, 737, 'DIU MEDECINE ET TRAUMATOL', 105, 'DIU MEDECINE ET TRAUMATOLOGIE DU SPORT'),
(3376, '8I2811', 42, 737, 'DIU ONCO-UROLOGIE 1 A', 105, 'DIU ONCO-UROLOGIE'),
(3377, '8I2911', 42, 737, 'DIU PATHO ET CHIR ORB 1A', 105, 'DIU PATHOLOGIE ET CHIRURGIE ORBITO-PALPEBRO-LACRYMALES'),
(3378, '8I29C1', 42, 737, 'DIU PATHO ET CHIR ORB 1A', 105, 'DIU PATHOLOGIE ET CHIRURGIE ORBITO-PALPEBRO-LACRYMALES 1A'),
(3379, '8I35C1', 42, 737, 'DIU RADIOLOGIE OTO-NEURO-', 105, 'DIU RADIOLOGIE OTO-NEURO-OPHTALMOLOGIQUE'),
(3380, '8I39C1', 42, 737, 'DIU SOINS PALLIATIFS 1A', 105, 'DIU SOINS PALLIATIFS 1ERE ANNEE'),
(3381, '8I4411', 42, 737, 'DIU TOXICOLOGIE MEDICALE', 105, 'DIU TOXICOLOGIE MEDICALE OPTION PHARMACOVIGILANCE'),
(3382, '8I4511', 42, 737, 'DIU TOXICOLOGIE INDUSTRIE', 105, 'DIU TOXICOLOGIE INDUSTRIELLE ET ENVIRONNEMENTALE'),
(3383, '8I45C1', 42, 737, 'DIU TOXICOLOGIE INDUSTRIE', 105, 'DIU TOXICOLOGIE INDUSTRIELLE ET ENVIRONNEMENTALE'),
(3384, '8I4811', 42, 737, 'DIU CHIRURGIE GYNECOLOGIQ', 106, 'DIU CHIRURGIE GYNECOLOGIQ'),
(3385, '8I50C2', 42, 737, 'DIU REEDUCATION 2 A', 107, 'DIU REEDUCATION'),
(3386, '8I5111', 42, 737, 'DIU REIN ET MALADIES SYST', 107, 'DIU REINS ET MALADIE SYST'),
(3387, '8I51C1', 42, 737, 'DIU REINS ET MALADIE SYST', 107, 'DIU REINS ET MALADIE SYSTEMATIQUE'),
(3388, '8I53C1', 42, 737, 'DIU EDUCATION DU PATIENT', 107, 'DIU EDUCATION DU PATIENT'),
(3389, '8I57C2', 42, 737, 'DIU APPRONFONDISSEMENT 2A', 150, 'DIU APPROFONDISSEMENT DES CONNAISSANCES MEDICALES 2EME A'),
(3390, '8I6011', 44, 737, 'DIU ECHO CARDIO 1A', 150, 'DIU ECHO CARDIOGRAPHIE 1A'),
(3391, '8I6012', 42, 737, 'DIU ECHO CARDIOGRAPHIE 2A', 150, 'DIU ECHO CARDIOGRAPHIE 2A'),
(3392, '8I60C2', 42, 737, 'DIU ECHO CARDIOGRAPHIE 2A', 150, 'DIU ECHO CARDIOGRAPHIE 2A'),
(3393, '8IC211', 42, 737, 'DIU DIALYSE PERITONEALE', 105, 'DIU DIALYSE PERITONEALE'),
(3394, '8IC21C', 42, 737, 'DIU DIALYSE PERITONEALE', 105, 'DIU DIALYSE PERITONEALE FORMATION CONTINUE'),
(3395, '0C1151', 43, 738, 'CAPACITE 1 ANNEE TROYES', 105, 'CAPACITE 1ERE ANNEE TROYES'),
(3396, '0C1152', 43, 738, 'CAPACITE 2 ANNEE TROYES', 105, 'CAPACITE 2EME ANNEE TROYES'),
(3397, '2ZD201', 43, 738, 'IPAG', 160, 'IPAG'),
(3398, '3LD101', 44, 738, 'L1 ADMIN ECO ET SOCIALE', 111, 'LICENCE ADMINISTRATION ECONOMIQUE ET SOCIALE 1A - TROYES'),
(3399, '3LD103', 44, 738, 'L2 ADMIN ECO ET SOCIALE', 111, 'LICENCE ADMINISTRATION ECONOMIQUE ET SOCIALE 2A - TROYES'),
(3400, '3LD105', 44, 738, 'L3 ADMIN ECO ET SOCIALE', 111, 'LICENCE ADMINISTRATION ECONOMIQUE ET SOCIALE 3A - TROYES'),
(3401, '3LD201', 44, 738, 'L1 DROIT', 111, 'LICENCE DROIT 1ERE ANNEE - TROYES'),
(3402, '3LD203', 44, 738, 'L2 DROIT', 111, 'LICENCE DROIT 2EME ANNEE - TROYES'),
(3403, '3LD205', 44, 738, 'L3 DROIT', 111, 'LICENCE DROIT 3EME ANNEE - TROYES'),
(3404, '3LD405', 44, 738, 'L3 ADMIN PUBLIQUE', 111, 'LICENCE ADMINISTRATION PUBLIQUE 3EME ANNEE - TROYES'),
(3405, '3MD2Z1', 45, 738, 'M1 DROIT PUBLIC', 103, 'MASTER DROIT PUBLIC 1ERE ANNEE PARCOURS ADMINISTRATION PUBLIQUE - TROYES'),
(3406, '3PD411', 49, 738, 'L PRO DROIT SOCIAL SYNDIC', 101, 'LICENCE PRO DROIT SOCIAL ET SYNDICAL - TROYES'),
(3407, '8DF721', 42, 738, 'DU G.E.P.A.B.A 1A', 106, 'DU GESTION DES ENTREPRISES DU PATRIMOINE B?TI 1A'),
(3408, '8DF722', 42, 738, 'DU G.E.P.A.B.A  2A', 106, 'DU GESTION DES ENTREPRISES DU PATRIMOINE B?TI 2A'),
(3409, '8P82C1', 43, 738, 'C2I NIVEAU 1 ANTENNES', 105, 'C2I NIVEAU 1 ANTENNES'),
(3410, '3LA121', 44, 739, 'L1 ANGLAIS', 111, 'LICENCE ANGLAIS 1ERE ANNEE - TROYES'),
(3411, '3LA123', 44, 739, 'L2 ANGLAIS', 111, 'LICENCE ANGLAIS 2EME ANNEE - TROYES'),
(3412, '3LA125', 44, 739, 'L3 ANGLAIS', 111, 'LICENCE ANGLAIS 3EME ANNEE - TROYES'),
(3413, '3LA311', 44, 739, 'L1 ANGLAIS-ALLEMAND', 111, 'LICENCE ANGLAIS-ALLEMAND 1ERE ANNEE - TROYES'),
(3414, '3LA321', 44, 739, 'L1 ANGLAIS-ESPAGNOL', 111, 'LICENCE ANGLAIS-ESPAGNOL 1ERE ANNEE - TROYES'),
(3415, '3LA323', 44, 739, 'L2 ANGLAIS-ESPAGNOL', 111, 'LICENCE ANGLAIS-ESPAGNOL 2EME ANNEE - TROYES'),
(3416, '3LA325', 44, 739, 'L3 ANGLAIS-ESPAGNOL', 111, 'LICENCE ANGLAIS-ESPAGNOL 3EME ANNEE - TROYES'),
(3417, '3LH201', 44, 739, 'L1 HISTOIRE', 111, 'LICENCE HISTOIRE 1A - TROYES'),
(3418, '3LH203', 44, 739, 'L2 HISTOIRE', 111, 'LICENCE HISTOIRE 2A - TROYES'),
(3419, '3LH205', 44, 739, 'L3 HISTOIRE', 111, 'LICENCE HISTOIRE ENSEIGNEMENT ET RECHERCHE 3A - TROYES'),
(3420, '3LH205', 44, 739, 'L3 HISTOIRE', 112, 'LICENCE HISTOIRE HISTOIRE DE L''ART ET PATRIMOINE 3A - TROYES'),
(3421, '3MA111', 45, 739, 'M1 LETTRES', 111, 'MASTER LETTRES SAUVEGARDE ET VALORISATION DES PATRIMOINES 1ERE ANNEE - TROYES'),
(3422, '3MA113', 45, 739, 'M2 LETTRES', 111, 'MASTER LETTRES SAUVEGARDE ET VALORISATION DES PATRIMOINES 2EME ANNEE - TROYES'),
(3423, '3MH211', 45, 739, 'M1 URBA DURA ET ENVI', 111, 'MASTER URBANISME DURABLE ET ENVIRONNEMENT 1ERE ANNEE - TROYES'),
(3424, '3MH213', 45, 739, 'M2 URBA DURA ET ENVI', 111, 'MASTER URBANISME DURABLE ET ENVIRONNEMENT 2EME ANNEE - TROYES'),
(3425, '3PA111', 49, 739, 'L PRO BIBLIO MUSEES PATRI', 101, 'LICENCE PRO BIBLIOTHEQUES MUSEES ET FONDS PATRIMONIAUX'),
(3426, '2C2121', 43, 740, 'D.C.G.', 207, 'D.C.G.'),
(3427, '2TD113', 54, 740, 'DUT 2 GEA RESS HUMAINES', 180, 'DUT GEA RESSOURCES HUMAINES 2EME ANNEE - REIMS'),
(3428, '2TD113', 54, 740, 'DUT 2 GEA RESS HUMAINES', 280, 'DUT GEA RESSOURCES HUMAINES - ANNEE SPECIALE'),
(3429, '2TD123', 54, 740, 'DUT 2 GEA FINANCES COMPTA', 180, 'DUT GEA FINANCES COMPTABILITE 2EME ANNEE - REIMS'),
(3430, '2TD123', 54, 740, 'DUT 2 GEA FINANCES COMPTA', 280, 'DUT GEA FINANCES COMPTABILITE - ANNEE SPECIALE'),
(3431, '2TD123', 54, 740, 'DUT 2 GEA FINANCES COMPTA', 380, 'DUT GEA FINANCES COMPTABILITE - FORMATION CONTINUE'),
(3432, '2TD133', 54, 740, 'DUT 2 GEA PETIT MOY ORGA', 180, 'DUT GEA PETITES ET MOYENNES ORGANISATIONS 2EME ANNEE - REIMS'),
(3433, '2TD1Z1', 54, 740, 'DUT 1 GEA', 180, 'DUT GEA 1ERE ANNEE - REIMS'),
(3434, '2TD1Z1', 54, 740, 'DUT 1 GEA', 280, 'DUT GEA 1A Alternance'),
(3435, '2TD201', 54, 740, 'DUT 1 TC', 180, 'DUT TECHNIQUES DE COMMERCIALISATION 1ERE ANNEE - REIMS'),
(3436, '2TD201', 54, 740, 'DUT 1 TC', 280, 'DUT TECHNIQUES DE COMMERCIALISATION -1 A  ALT'),
(3437, '2TD203', 54, 740, 'DUT 2 TC', 180, 'DUT TECHNIQUES DE COMMERCIALISATION 2EME ANNEE - REIMS'),
(3438, '2TD203', 54, 740, 'DUT 2 TC', 280, 'DUT TECHNIQUES DE COMMERCIALISATION - ANNEE SPECIALE'),
(3439, '2TD203', 54, 740, 'DUT 2 TC', 380, 'DUT TECHNIQUES DE COMMERCIALISATION - F.C'),
(3440, '2TD203', 54, 740, 'DUT 2 TC', 480, 'DUT TECHNIQUES DE COMMERCIALISATION 2A- FORMATION EN ALTERNANCE'),
(3441, '2TD401', 54, 740, 'DUT 1 GESTION LOGIST TRAN', 180, 'DUT GESTION LOGISTIQUE ET TRANSPORT 1ERE ANNEE'),
(3442, '2TD403', 54, 740, 'DUT 2 GESTION LOGIST TRAN', 180, 'DUT GESTION LOGISTIQUE ET TRANSPORT 2EME ANNEE'),
(3443, '2TD403', 54, 740, 'DUT 2 GESTION LOGIST TRAN', 280, 'DUT GESTION LOGISTIQUE ET TRANSPORT - ANNEE SPECIALE'),
(3444, '2TS201', 54, 740, 'DUT 1 GENIE MECA PRODUCT', 180, 'DUT GENIE MECANIQUE ET PRODUCTIQUE 1ERE ANNEE - REIMS'),
(3445, '2TS203', 54, 740, 'DUT 2 GENIE MECA PRODUCT', 180, 'DUT GENIE MECANIQUE ET PRODUCTIQUE 2EME ANNEE - REIMS'),
(3446, '2TS203', 54, 740, 'DUT 2 GENIE MECA PRODUCT', 280, 'DUT GENIE MECANIQUE ET PRODUCTIQUE 2A'),
(3447, '2TS313', 54, 740, 'DUT 2 GENIE CIVIL', 180, 'DUT GENIE CIVIL 2EME ANNEE'),
(3448, '2TS313', 54, 740, 'DUT 2 GENIE CIVIL', 280, 'DUT GENIE CIVIL  FORMATION CONTINUE'),
(3449, '2TS3Z1', 54, 740, 'DUT 1 GENIE CIVIL', 180, 'DUT GENIE CIVIL 1ERE ANNEE'),
(3450, '2TS401', 54, 740, 'DUT 1 GENIE CONDITIO EMBA', 180, 'DUT GENIE DU CONDITIONNEMENT ET DE L''EMBALLAGE 1ERE ANNEE'),
(3451, '2TS403', 54, 740, 'DUT 2 GENIE CONDITIO EMBA', 180, 'DUT GENIE DU CONDITIONNEMENT ET DE L''EMBALLAGE 2EME ANNEE'),
(3452, '2TS601', 54, 740, 'DUT 1 INFORMATIQUE', 180, 'DUT INFORMATIQUE 1ERE ANNEE'),
(3453, '2TS603', 54, 740, 'DUT 2 INFORMATIQUE', 180, 'DUT INFORMATIQUE 2EME ANNEE'),
(3454, '2TS701', 54, 740, 'DUT 1 MESURES PHYSIQUES', 180, 'DUT MESURES PHYSIQUES 1ERE ANNEE'),
(3455, '2TS703', 54, 740, 'DUT 2 MESURES PHYSIQUES', 180, 'DUT MESURES PHYSIQUES 2EME ANNEE'),
(3456, '3PD311', 49, 740, 'L PRO COMM PROD SERV FINA', 101, 'LIC PRO COMMERCIALISATION PRODUITS ET SERVICES FINANCIERS'),
(3457, '3PD611', 49, 740, 'L PRO GEST EMPLOIS REMUN', 101, 'LICENCE PRO GESTION DES EMPLOIS ET DES REMUNERATIONS FI'),
(3458, '3PD611', 49, 740, 'L PRO GEST EMPLOIS REMUN', 201, 'LICENCE PRO GESTION DES EMPLOIS ET DES REMUNERATIONS FC'),
(3459, '3PD711', 49, 740, 'L PRO MANAG LOGISTIQUE', 101, 'LICENCE PRO MANAGEMENT DE LA LOGISTIQUE'),
(3460, '3PS311', 49, 740, 'L PRO CONCEP DESIGN EMBAL', 101, 'LICENCE PRO CONCEPTION, DESIGN INDUSTRIEL ET EMBALLAGE'),
(3461, '3PS341', 49, 740, 'L PRO GEST TRAI POLL DECH', 101, 'LICENCE PRO GESTION ET TRAITEMENT DES POLLUTIONS ET DECHETS'),
(3462, '3PS611', 49, 740, 'L PRO GENI CLIM EQUIP BAT', 101, 'LICENCE PRO GENIE CLIMATIQUE ET EQUIPEMENTS DU BATIMENT'),
(3463, '3PS621', 49, 740, 'L PRO ENTR BTP COND OPE', 101, 'LICENCE PRO ENTREPRISES DU BTP ET CONDUITE D''OPERATION'),
(3464, '3PS811', 49, 740, 'L PRO MED NUM TEC IMA SON', 101, 'LIC PRO MEDIAS NUMERIQUES ASSOCIES TECHNOLOGIES IMAGE ET SON'),
(3465, '3PS911', 49, 740, 'L PRO PROD MAINT INDUS', 101, 'LICENCE PRO PRODUCTION ET MAINTENANCE INDUSTRIELLES'),
(3466, '3PS921', 49, 740, 'L PRO CAPT INSTR METROL', 101, 'LICENCE PRO CAPTEURS INSTRUMENTATION METROLOGIE'),
(3467, '3PSD11', 49, 740, 'L PRO SUPERV TRACABILITE', 101, 'LICENCE PRO SUPERVISION ET TRACABILITE'),
(3468, '7C2121', 54, 740, 'D.S.C.G.', 107, 'DIPLOME D ETUDES SUPERIEURES COMPTABLES ET FINANCIERES (DESCF)'),
(3469, '8D3611', 42, 740, 'D.U.C.R.E.A.', 31, 'DU CREATION REPRISE D''ENTREPRISES'),
(3470, '8D3A11', 42, 740, 'DU ABC', 107, 'DU ASSISTANT BANQUE COMMERCE'),
(3471, '8D8611', 42, 740, 'D.U.E.T.I.', 981, 'DU D''ETUDES EUROPENNES ET DE TECHNOLOGIES'),
(3472, '2N8121', 47, 741, 'INGENIEUR PACKAGING 1A', 104, 'INGENIEUR PACKAGING 1A'),
(3473, '2N8122', 47, 741, 'INGENIEUR PACKAGING 2A', 104, 'INGENIEUR PACKAGING 2A'),
(3474, '2N8123', 47, 741, 'INGENIEUR PACKAGING 3A', 104, 'INGENIEUR PACKAGING 3A'),
(3475, '2N8131', 47, 741, 'INGENIEUR THERMIQUE 1A', 181, 'INGENIEUR THERMIQUE ET ENERGETIQUE'),
(3476, '2N8133', 47, 741, 'INGENIEUR THERMIQUE 2 A', 181, 'INGENIEUR THERMIQUE ET ENERGETIQUE 2 A'),
(3477, '8D8C11', 42, 741, 'DUVAP', 105, 'DIPLOME D''UNIVERSITE VENTE ACHAT EN PACKAGING'),
(3478, '2N8211', 47, 742, 'I.T.I.I. MECANIQUE 1 A', 182, 'DIPLOME INGENIERIE I.T.I.I. 1 A IFTS'),
(3479, '2N8213', 47, 742, 'I.T.I.I. MECANIQUE 3 A', 182, 'DIPLOME INGENIERIE I.T.I.I. 3 A IFTS'),
(3480, '3LS501', 44, 742, 'L1 SCIENCES INGENIEUR', 111, 'LICENCE SCIENCES POUR L''INGENIEUR 1ERE ANNEE-CHARLEVILLE'),
(3481, '3LS503', 44, 742, 'L2 SCIENCES INGENIEUR', 111, 'LICENCE SCIENCES POUR L''INGENIEUR 2EME ANNEE-CHARLEVILLE'),
(3482, '3LS505', 44, 742, 'L3 SCIENCES INGENIEUR', 111, 'LICENCE SPI PARCOURS MNT 3EME ANNEE-CHARLEVILLE'),
(3483, '3MS521', 45, 742, 'M1 SCIE MATE NOUV TECH', 101, 'MASTER SCIENCES DES MATERIAUX ET NOUVELLES TECHNOLOGIES 1ERE ANNEE'),
(3484, '3MS523', 45, 742, 'M2 SCIE MATE NOUV TECH', 101, 'MASTER SCIENCES DES MATERIAUX ET NOUVELLES TECHNOLOGIES 2EME ANNEE'),
(3485, '3PS331', 49, 742, 'L PRO CONCEP PROD MAT', 101, 'LICENCE PRO CONCEPTION INTEGREE ET PRODUCTIQUE DES MATERIAUX'),
(3486, '3PSF11', 49, 742, 'L PRO CNDAI', 101, 'LICENCE PRO COMMUNICATION NUM. ET DEVEL. APPLI INTERNET'),
(3487, '3PSG11', 49, 742, 'L PRO MFFE', 101, 'LICENCE PRO METALLURGIE FORGE FONDERIE EMBOUTISSAGE'),
(3488, '2TH111', 54, 743, 'DUT 1 CARRIERES SOCIALES', 180, 'DUT CARRIERES SOCIALES ANIMATION SOCIALE ET SOCIOCULTURELLE 1ERE ANNEE'),
(3489, '2TH113', 47, 743, 'DUT 2 CARRIERES SOCIALES', 180, 'DUT CARRIERES SOCIALES ANIMATION SOCIALE ET SOCIOCULTURELLE 2EME ANNEE'),
(3490, '2TS501', 54, 743, 'DUT 1 GENIE INDUS ET MAIN', 180, 'DUT GENIE INDUSTRIEL ET MAINTENANCE 1ERE ANNEE'),
(3491, '2TS503', 54, 743, 'DUT 2 GENIE INDUS ET MAIN', 180, 'DUT GENIE INDUSTRIEL ET MAINTENANCE 2EME ANNEE'),
(3492, '2TS801', 54, 743, 'DUT 1 RESEAUX ET TELECOM', 180, 'DUT RESEAU ET TELECOMMUNICATION 1ERE ANNEE'),
(3493, '2TS803', 54, 743, 'DUT 2 RESEAUX ET TELECOM', 180, 'DUT RESEAU ET TELECOMMUNICATION 2EME ANNEE'),
(3494, '3PS521', 49, 743, 'L PRO INTE SYST VOIX-DONN', 101, 'LICENCE PRO INTEGRATION DES SYSTEMES VOIX-DONNEES'),
(3495, '3PSE11', 49, 743, 'L PRO TECH AVANC MAINT', 101, 'LICENCE PRO TECHNIQUES AVANCEES DE MAINTENANCE'),
(3496, '2TD211', 54, 744, 'DUT 1 TC C3SI', 180, 'DUT TC ORIENTATION C3SI 1ERE ANNEE'),
(3497, '2TD213', 54, 744, 'DUT 2 TC C3SI', 180, 'DUT TC ORIENTATION COMMERCIALISATION DES SYSTEMES SOLUTIONS SERVICES INDUSTRIELS 2EME ANNEE'),
(3498, '2TD301', 54, 744, 'DUT 1 GESTION ADM ET COMM', 180, 'DUT GESTION ADMINISTRATIVE ET COMMERCIALE 1ERE ANNEE'),
(3499, '2TD303', 54, 744, 'DUT 2 GESTION ADM ET COMM', 180, 'DUT GESTION ADMINISTRATIVE ET COMMERCIALE 2EME ANNEE'),
(3500, '2TD303', 54, 744, 'DUT 2 GESTION ADM ET COMM', 280, 'DUT GESTION ADMINISTRATIVE ET COMMERCIALE - FORMATION CONTINUE'),
(3501, '2TSB01', 54, 744, 'DUT HSE 1A', 180, 'DUT HYGIENE SECURITE ENVIRONNEMENT 1A'),
(3502, '2TSB03', 54, 744, 'DUT HSE 2A', 180, 'DUT HYGIENE SECURITE ENVIRONNEMENT 2A'),
(3503, '3PD511', 49, 744, 'L PRO ACHAT COMM PROD IND', 101, 'LIC PRO ACHAT ET COMMERCIALISATION PRODUITS INDUSTRIELS A L''INTERNATIONAL'),
(3504, '0D4111', 43, 745, 'DAEU LITTERAIRE', 185, 'DAEU LITTERAIRE TROYES'),
(3505, '0D8111', 43, 745, 'DAEU SCIENTIFIQUE', 185, 'DAEU SCIENTIFIQUE TROYES'),
(3506, '2RU101', 43, 745, 'PRE DAEU', 185, 'PRE DAEU PRESENTIEL TROYES'),
(3507, '2TDA13', 54, 745, 'DUT 2 GEA RESS HUMAINES', 185, 'DUT GEA RESSOURCES HUMAINES 2EME ANNEE - TROYES'),
(3508, '2TDA23', 54, 745, 'DUT 2 GEA FINANCES COMPTA', 185, 'DUT GEA FINANCES COMPTABILITE 2EME ANNEE - TROYES'),
(3509, '2TDA33', 54, 745, 'DUT 2 GEA PETIT MOY ORGA', 185, 'DUT GEA PETITES ET MOYENNES ORGANISATIONS 2EME ANNEE - TROYES'),
(3510, '2TDA33', 54, 745, 'DUT 2 GEA PETIT MOY ORGA', 285, 'DUT GEA PETITES ET MOYENNES ORGANISATIONS - FC'),
(3511, '2TDA3D', 54, 745, 'DUT 2 GEA PMO SEM DEC', 185, 'DUT 2 GEA PMO SEMESTRES DECALES 3 ET 4'),
(3512, '2TDAZ1', 54, 745, 'DUT 1 GEA', 185, 'DUT GEA 1ERE ANNEE - TROYES'),
(3513, '2TDAZ2', 47, 745, 'DUT GEA 1 SEM DEC', 185, 'DUT GEA 1 SEMESTRES DECALES 1 ET 2 TROYES'),
(3514, '2TDB01', 54, 745, 'DUT 1 TECH DE COMMERC', 185, 'DUT TECHNIQUES DE COMMERCIALISATION 1ERE ANNEE - TROYES'),
(3515, '2TDB01', 54, 745, 'DUT 1 TECH DE COMMERC', 285, 'DUT TECHNIQUES DE COMMERCIALISATION S1 DECALE'),
(3516, '2TDB01', 54, 745, 'DUT 1 TECH DE COMMERC', 385, 'DUT TECHNIQUES DE COMMERCIALISATION 1A ALTERNANCE'),
(3517, '2TDB03', 54, 745, 'DUT 2 TECH DE COMMERC', 185, 'DUT TECHNIQUES DE COMMERCIALISATION 2EME ANNEE - TROYES'),
(3518, '2TDB03', 54, 745, 'DUT 2 TECH DE COMMERC', 285, 'DUT TECHNIQUES DE COMMERCIALISATION - FORMATION CONTINUE - TROYES'),
(3519, '2TDB03', 54, 745, 'DUT 2 TECH DE COMMERC', 385, 'DUT TECHNIQUES DE COMMERCIALISATION 2A - ALTERNANCE -'),
(3520, '2TDB04', 54, 745, 'DUT TC DECALE S4', 185, 'DUT TECHNIQUES DE COMMERCIALISATION 2A DECALE S4'),
(3521, '2TS101', 54, 745, 'DUT 1 GENIE ELEC INFO IND', 185, 'DUT GENIE ELECTRIQUE, INFORMATIQUE INDUSTRIELLE 1ERE ANNEE'),
(3522, '2TS103', 54, 745, 'DUT 2 GENIE ELEC INFO IND', 185, 'DUT GENIE ELECTRIQUE, INFORMATIQUE INDUSTRIELLE 2EME ANNEE'),
(3523, '2TS901', 54, 745, 'DUT 1 SERV ET RESEAU COM', 185, 'DUT SERVICES ET RESEAUX DE COMMUNICATION 1ERE ANNEE'),
(3524, '2TS903', 54, 745, 'DUT 2 SERV ET RESEAU COM', 185, 'DUT SERVICES ET RESEAUX DE COMMUNICATION 2EME ANNEE'),
(3525, '2TS903', 54, 745, 'DUT 2 SERV ET RESEAU COM', 285, 'DUT SERVICES ET RESEAUX DE COMMUNICATION 2A FORMATION CONTINUE'),
(3526, '2TSA01', 54, 745, 'DUT 1 GENIE MECA PRODUCT', 185, 'DUT GENIE MECANIQUE ET PRODUCTIQUE 1ERE ANNEE - TROYES'),
(3527, '2TSA02', 54, 745, 'DUT 1 GMP SEM DECALES', 185, 'DUT 1 GMP SEMESTRES 1 ET 2 DECALES'),
(3528, '2TSA03', 54, 745, 'DUT 2 GENIE MECA PRODUCT', 185, 'DUT GENIE MECANIQUE ET PRODUCTIQUE 2EME ANNEE - TROYES'),
(3529, '2TSA04', 54, 745, 'DUT 2 GMP SEM DECALES', 185, 'DUT 2 GMP SEMESTRES 3 ET 4 DECALES'),
(3530, '3PD3A1', 49, 745, 'L PRO COMM PROD SERV FINA', 101, 'LIC PRO COMMERCIALISATION PRODUITS ET SERVICES FINANCIERS FI'),
(3531, '3PD3A1', 49, 745, 'L PRO COMM PROD SERV FINA', 102, 'LIC PRO COMMERCIALISATION PRODUITS ET SERVICES FINANCIERS ALTERNANCE CHAUMONT'),
(3532, '3PD3A1', 49, 745, 'L PRO COMM PROD SERV FINA', 103, 'LIC PRO COMMERCIALISATION PRODUITS ET SERVICES FINANCIERS ALTERNANCE TROYES'),
(3533, '3PD5A1', 49, 745, 'L PRO ACHAT COMM PROD IND', 101, 'LIC PRO ACHAT COMMERCIALISATION PRODUITS INDUSTRIELS INTERNA'),
(3534, '3PD6A1', 49, 745, 'L PRO GEST EMPLOIS REMUN', 101, 'LICENCE PRO GESTION DES EMPLOIS ET DES REMUNERATIONS'),
(3535, '3PS931', 49, 745, 'L PRO METH CONC AVANCEES', 101, 'LICENCE PRO METHODES ET CONCEPTIONS AVANCEES'),
(3536, '3PSA11', 49, 745, 'L PRO MECATRONIQUE', 101, 'LICENCE PRO MECATRONIQUE'),
(3537, '3PSB11', 49, 745, 'L PRO MANAG PRODU TEXTIL', 101, 'LICENCE PRO MANAGEMENT ET PRODUCTIONS TEXTILES'),
(3538, '3PSF21', 49, 745, 'L PRO INTERNET MULTIMEDIA', 101, 'LICENCE PRO METIERS DE L''INTERNET ET DU MULTIMEDIA'),
(3539, '8DF211', 43, 745, 'D.U.G.O.L.', 981, 'D.U.G.O.L.'),
(3540, '8DH111', 43, 745, 'D.U.E.T.I', 1, 'DIPLOME D UNIVERSITE D ETUDES TECHNOLOGIQUES INTERNATIONALES'),
(3541, '8DK911', 43, 745, 'PASSEPORT VERS UN DUT', 1, 'VISA VERS UN DUT'),
(3542, '8P82A1', 43, 745, 'C2I NIVEAU 1 IUT TROYES', 105, 'C2I NIVEAU 1 IUT TROYES'),
(3543, '8PF111', 43, 745, 'PREPA DCG', 107, 'PREPA DCG');

-- --------------------------------------------------------

--
-- Structure de la table `etudiant`
--

CREATE TABLE IF NOT EXISTS `etudiant` (
  `NUMETUDIANT` varchar(8) NOT NULL,
  `NUMREGIME` int(11) NOT NULL,
  `IDETAPE` int(10) NOT NULL,
  `NOMETUDIANT` varchar(100) NOT NULL,
  `PRENOMETUDIANT` varchar(100) NOT NULL,
  `MAILETUDIANT` varchar(200) NOT NULL,
  `DATENAISETUDIANT` date NOT NULL,
  `LOGINETUDIANT` varchar(100) NOT NULL,
  `MDPETUDIANT` varchar(100) NOT NULL,
  `DATEIAEETUDIANT` date NOT NULL,
  `DATEIAC2IETUDIANT` date DEFAULT NULL,
  `C2IVALIDE` int(11) NOT NULL DEFAULT '0' COMMENT '0 => false, 1 => true',
  PRIMARY KEY (`NUMETUDIANT`),
  KEY `FK_APPARTENIR` (`NUMREGIME`),
  KEY `FK_APPARTENIR_2` (`IDETAPE`)
) ENGINE=InnoDB DEFAULT CHARSET=latin1;

--
-- Contenu de la table `etudiant`
--

INSERT INTO `etudiant` (`NUMETUDIANT`, `NUMREGIME`, `IDETAPE`, `NOMETUDIANT`, `PRENOMETUDIANT`, `MAILETUDIANT`, `DATENAISETUDIANT`, `LOGINETUDIANT`, `MDPETUDIANT`, `DATEIAEETUDIANT`, `DATEIAC2IETUDIANT`, `C2IVALIDE`) VALUES
('1234', 1, 1, 'PIERRON', 'Guillaume', 'bwbdfx@sdfvd.fr', '1993-06-01', 'pierr025', 'azerty', '2014-04-01', '2014-04-02', 0),
('1235', 1, 2, 'COUTURIER', 'Valentin', 'sdvsdv@dsdf.fr', '1992-04-04', 'coutu003', 'azerty', '2014-04-03', '2014-04-05', 0),
('20401958', 1, 3412, '15', '15', '15', '2014-04-23', '15', '23/04/2014', '0000-00-00', '0000-00-00', 0),
('20800446', 2, 3070, '25', '25', '25', '2014-04-23', '25', '23/04/2014', '0000-00-00', '2013-07-11', 0),
('21100003', 1, 3070, '1', '1', '1', '2014-04-23', '1', '23/04/2014', '0000-00-00', '2013-09-11', 0),
('21100165', 1, 2990, '5', '5', '5', '2014-04-23', '5', '23/04/2014', '0000-00-00', '2013-07-11', 0),
('21100266', 1, 3020, '20', '20', '20', '2014-04-23', '20', '23/04/2014', '2013-07-07', '0000-00-00', 0),
('21100763', 1, 2966, '26', '26', '26', '2014-04-23', '26', '23/04/2014', '0000-00-00', '0000-00-00', 0),
('21106639', 1, 3021, '11', '11', '11', '2014-04-23', '11', '23/04/2014', '0000-00-00', '2013-06-11', 0),
('21113913', 1, 2867, '23', '23', '23', '2014-04-23', '23', '23/04/2014', '0000-00-00', '0000-00-00', 0),
('21118433', 1, 3016, '22', '22', '22', '2014-04-23', '22', '23/04/2014', '0000-00-00', '0000-00-00', 0),
('21201851', 1, 3401, '24', '24', '24', '2014-04-23', '24', '23/04/2014', '2013-09-07', '2013-04-11', 0),
('21205974', 1, 2867, '9', '9', '9', '2014-04-23', '9', '23/04/2014', '0000-00-00', '0000-00-00', 0),
('21307561', 1, 3021, '19', '19', '19', '2014-04-23', '19', '23/04/2014', '0000-00-00', '0000-00-00', 0),
('21308402', 1, 2867, '13', '13', '13', '2014-04-23', '13', '23/04/2014', '0000-00-00', '2013-04-11', 0),
('21308443', 1, 2875, '27', '27', '27', '2014-04-23', '27', '23/04/2014', '0000-00-00', '2013-08-11', 0),
('21309629', 1, 3070, '18', '18', '18', '2014-04-23', '18', '23/04/2014', '0000-00-00', '2013-06-11', 0),
('21311186', 1, 3021, '6', '6', '6', '2014-04-23', '6', '23/04/2014', '0000-00-00', '2013-05-11', 0),
('21314360', 1, 2868, '2', '2', '2', '2014-04-23', '2', '23/04/2014', '0000-00-00', '2013-06-11', 0),
('21315182', 1, 3021, '12', '12', '12', '2014-04-23', '12', '23/04/2014', '2013-02-09', '2013-05-11', 0),
('21315870', 1, 3070, '21', '21', '21', '2014-04-23', '21', '23/04/2014', '2013-05-09', '2013-09-11', 0),
('21315932', 1, 2982, '4', '4', '4', '2014-04-23', '4', '23/04/2014', '2013-05-09', '2013-05-11', 0),
('21317497', 1, 3021, '28', '28', '28', '2014-04-23', '28', '23/04/2014', '2013-12-09', '2013-05-11', 0),
('21318023', 1, 3070, '14', '14', '14', '2014-04-23', '14', '23/04/2014', '0000-00-00', '0000-00-00', 0),
('21318591', 1, 3070, '3', '3', '3', '2014-04-23', '3', '23/04/2014', '0000-00-00', '2013-09-11', 0),
('21318930', 1, 3070, '7', '7', '7', '2014-04-23', '7', '23/04/2014', '0000-00-00', '2013-09-11', 0),
('21319567', 1, 2905, '10', '10', '10', '2014-04-23', '10', '23/04/2014', '0000-00-00', '2013-08-11', 0),
('21319713', 1, 3021, '17', '17', '17', '2014-04-23', '17', '23/04/2014', '0000-00-00', '0000-00-00', 0);

-- --------------------------------------------------------

--
-- Structure de la table `regime`
--

CREATE TABLE IF NOT EXISTS `regime` (
  `NUMREGIME` int(11) NOT NULL AUTO_INCREMENT,
  `LIBREGIME` varchar(1024) NOT NULL,
  PRIMARY KEY (`NUMREGIME`)
) ENGINE=InnoDB  DEFAULT CHARSET=latin1 AUTO_INCREMENT=3 ;

--
-- Contenu de la table `regime`
--

INSERT INTO `regime` (`NUMREGIME`, `LIBREGIME`) VALUES
(1, 'Initiale'),
(2, 'Alternance');

-- --------------------------------------------------------

--
-- Structure de la table `validation`
--

CREATE TABLE IF NOT EXISTS `validation` (
  `IDVALIDATION` int(11) NOT NULL AUTO_INCREMENT,
  `NUMENSEIGNANT` int(11) NOT NULL,
  `NUMETUDIANT` varchar(8) NOT NULL,
  `IDEPREUVE` int(11) NOT NULL,
  `DATEVALIDATION` date NOT NULL,
  `VALEURVALIDATION` int(11) DEFAULT '-1',
  PRIMARY KEY (`IDVALIDATION`),
  KEY `FK_CORRESPONDRE_2` (`IDEPREUVE`),
  KEY `FK_PASSER` (`NUMETUDIANT`),
  KEY `FK_VALIDER` (`NUMENSEIGNANT`)
) ENGINE=InnoDB  DEFAULT CHARSET=latin1 AUTO_INCREMENT=270 ;

--
-- Contenu de la table `validation`
--

INSERT INTO `validation` (`IDVALIDATION`, `NUMENSEIGNANT`, `NUMETUDIANT`, `IDEPREUVE`, `DATEVALIDATION`, `VALEURVALIDATION`) VALUES
(1, 1, '1234', 1, '2009-04-01', 1),
(2, 1, '1234', 3, '2010-04-08', 1),
(6, 1, '1234', 2, '2012-04-01', 1),
(7, 1, '1234', 1, '2013-04-02', 1),
(8, 1, '1234', 4, '2014-04-06', 1),
(9, 1, '1235', 3, '2014-04-06', 1),
(10, 1, '21100003', 46, '2014-04-24', -1),
(11, 1, '21100003', 47, '2014-04-24', -1),
(12, 1, '21100003', 48, '2014-04-24', -1),
(13, 1, '21100003', 49, '2014-04-24', -1),
(14, 1, '21100003', 50, '2014-04-24', -1),
(15, 1, '21100003', 51, '2014-04-24', -1),
(16, 1, '21100003', 52, '2014-04-24', -1),
(17, 1, '21100003', 53, '2014-04-24', -1),
(18, 1, '21100003', 54, '2014-04-24', -1),
(19, 1, '21100003', 55, '2014-04-24', -1),
(20, 1, '21314360', 66, '2014-04-24', -1),
(21, 1, '21314360', 67, '2014-04-24', -1),
(22, 1, '21314360', 68, '2014-04-24', -1),
(23, 1, '21314360', 69, '2014-04-24', -1),
(24, 1, '21314360', 70, '2014-04-24', -1),
(25, 1, '21314360', 71, '2014-04-24', -1),
(26, 1, '21314360', 72, '2014-04-24', -1),
(27, 1, '21314360', 73, '2014-04-24', -1),
(28, 1, '21314360', 74, '2014-04-24', -1),
(29, 1, '21314360', 75, '2014-04-24', -1),
(30, 1, '21318591', 46, '2014-04-24', -1),
(31, 1, '21318591', 47, '2014-04-24', -1),
(32, 1, '21318591', 48, '2014-04-24', -1),
(33, 1, '21318591', 49, '2014-04-24', -1),
(34, 1, '21318591', 50, '2014-04-24', -1),
(35, 1, '21318591', 51, '2014-04-24', -1),
(36, 1, '21318591', 52, '2014-04-24', -1),
(37, 1, '21318591', 53, '2014-04-24', -1),
(38, 1, '21318591', 54, '2014-04-24', -1),
(39, 1, '21318591', 55, '2014-04-24', -1),
(40, 1, '21315932', 56, '2014-04-24', -1),
(41, 1, '21315932', 57, '2014-04-24', -1),
(42, 1, '21315932', 58, '2014-04-24', -1),
(43, 1, '21315932', 59, '2014-04-24', -1),
(44, 1, '21315932', 60, '2014-04-24', -1),
(45, 1, '21315932', 61, '2014-04-24', -1),
(46, 1, '21315932', 62, '2014-04-24', -1),
(47, 1, '21315932', 63, '2014-04-24', -1),
(48, 1, '21315932', 64, '2014-04-24', -1),
(49, 1, '21315932', 65, '2014-04-24', -1),
(50, 1, '21100165', 56, '2014-04-24', -1),
(51, 1, '21100165', 57, '2014-04-24', -1),
(52, 1, '21100165', 58, '2014-04-24', -1),
(53, 1, '21100165', 59, '2014-04-24', -1),
(54, 1, '21100165', 60, '2014-04-24', -1),
(55, 1, '21100165', 61, '2014-04-24', -1),
(56, 1, '21100165', 62, '2014-04-24', -1),
(57, 1, '21100165', 63, '2014-04-24', -1),
(58, 1, '21100165', 64, '2014-04-24', -1),
(59, 1, '21100165', 65, '2014-04-24', -1),
(60, 1, '21311186', 56, '2014-04-24', -1),
(61, 1, '21311186', 57, '2014-04-24', -1),
(62, 1, '21311186', 58, '2014-04-24', -1),
(63, 1, '21311186', 59, '2014-04-24', -1),
(64, 1, '21311186', 60, '2014-04-24', -1),
(65, 1, '21311186', 61, '2014-04-24', -1),
(66, 1, '21311186', 62, '2014-04-24', -1),
(67, 1, '21311186', 63, '2014-04-24', -1),
(68, 1, '21311186', 64, '2014-04-24', -1),
(69, 1, '21311186', 65, '2014-04-24', -1),
(70, 1, '21318930', 46, '2014-04-24', -1),
(71, 1, '21318930', 47, '2014-04-24', -1),
(72, 1, '21318930', 48, '2014-04-24', -1),
(73, 1, '21318930', 49, '2014-04-24', -1),
(74, 1, '21318930', 50, '2014-04-24', -1),
(75, 1, '21318930', 51, '2014-04-24', -1),
(76, 1, '21318930', 52, '2014-04-24', -1),
(77, 1, '21318930', 53, '2014-04-24', -1),
(78, 1, '21318930', 54, '2014-04-24', -1),
(79, 1, '21318930', 55, '2014-04-24', -1),
(80, 1, '21205974', 66, '2014-04-24', -1),
(81, 1, '21205974', 67, '2014-04-24', -1),
(82, 1, '21205974', 68, '2014-04-24', -1),
(83, 1, '21205974', 69, '2014-04-24', -1),
(84, 1, '21205974', 70, '2014-04-24', -1),
(85, 1, '21205974', 71, '2014-04-24', -1),
(86, 1, '21205974', 72, '2014-04-24', -1),
(87, 1, '21205974', 73, '2014-04-24', -1),
(88, 1, '21205974', 74, '2014-04-24', -1),
(89, 1, '21205974', 75, '2014-04-24', -1),
(90, 1, '21319567', 66, '2014-04-24', -1),
(91, 1, '21319567', 67, '2014-04-24', -1),
(92, 1, '21319567', 68, '2014-04-24', -1),
(93, 1, '21319567', 69, '2014-04-24', -1),
(94, 1, '21319567', 70, '2014-04-24', -1),
(95, 1, '21319567', 71, '2014-04-24', -1),
(96, 1, '21319567', 72, '2014-04-24', -1),
(97, 1, '21319567', 73, '2014-04-24', -1),
(98, 1, '21319567', 74, '2014-04-24', -1),
(99, 1, '21319567', 75, '2014-04-24', -1),
(100, 1, '21106639', 56, '2014-04-24', -1),
(101, 1, '21106639', 57, '2014-04-24', -1),
(102, 1, '21106639', 58, '2014-04-24', -1),
(103, 1, '21106639', 59, '2014-04-24', -1),
(104, 1, '21106639', 60, '2014-04-24', -1),
(105, 1, '21106639', 61, '2014-04-24', -1),
(106, 1, '21106639', 62, '2014-04-24', -1),
(107, 1, '21106639', 63, '2014-04-24', -1),
(108, 1, '21106639', 64, '2014-04-24', -1),
(109, 1, '21106639', 65, '2014-04-24', -1),
(110, 1, '21315182', 56, '2014-04-24', -1),
(111, 1, '21315182', 57, '2014-04-24', -1),
(112, 1, '21315182', 58, '2014-04-24', -1),
(113, 1, '21315182', 59, '2014-04-24', -1),
(114, 1, '21315182', 60, '2014-04-24', -1),
(115, 1, '21315182', 61, '2014-04-24', -1),
(116, 1, '21315182', 62, '2014-04-24', -1),
(117, 1, '21315182', 63, '2014-04-24', -1),
(118, 1, '21315182', 64, '2014-04-24', -1),
(119, 1, '21315182', 65, '2014-04-24', -1),
(120, 1, '21308402', 66, '2014-04-24', -1),
(121, 1, '21308402', 67, '2014-04-24', -1),
(122, 1, '21308402', 68, '2014-04-24', -1),
(123, 1, '21308402', 69, '2014-04-24', -1),
(124, 1, '21308402', 70, '2014-04-24', -1),
(125, 1, '21308402', 71, '2014-04-24', -1),
(126, 1, '21308402', 72, '2014-04-24', -1),
(127, 1, '21308402', 73, '2014-04-24', -1),
(128, 1, '21308402', 74, '2014-04-24', -1),
(129, 1, '21308402', 75, '2014-04-24', -1),
(130, 1, '21318023', 46, '2014-04-24', -1),
(131, 1, '21318023', 47, '2014-04-24', -1),
(132, 1, '21318023', 48, '2014-04-24', -1),
(133, 1, '21318023', 49, '2014-04-24', -1),
(134, 1, '21318023', 50, '2014-04-24', -1),
(135, 1, '21318023', 51, '2014-04-24', -1),
(136, 1, '21318023', 52, '2014-04-24', -1),
(137, 1, '21318023', 53, '2014-04-24', -1),
(138, 1, '21318023', 54, '2014-04-24', -1),
(139, 1, '21318023', 55, '2014-04-24', -1),
(140, 1, '20401958', 96, '2014-04-24', -1),
(141, 1, '20401958', 97, '2014-04-24', -1),
(142, 1, '20401958', 98, '2014-04-24', -1),
(143, 1, '20401958', 99, '2014-04-24', -1),
(144, 1, '20401958', 100, '2014-04-24', -1),
(145, 1, '20401958', 101, '2014-04-24', -1),
(146, 1, '20401958', 102, '2014-04-24', -1),
(147, 1, '20401958', 103, '2014-04-24', -1),
(148, 1, '20401958', 104, '2014-04-24', -1),
(149, 1, '20401958', 105, '2014-04-24', -1),
(150, 1, '21319713', 56, '2014-04-24', -1),
(151, 1, '21319713', 57, '2014-04-24', -1),
(152, 1, '21319713', 58, '2014-04-24', -1),
(153, 1, '21319713', 59, '2014-04-24', -1),
(154, 1, '21319713', 60, '2014-04-24', -1),
(155, 1, '21319713', 61, '2014-04-24', -1),
(156, 1, '21319713', 62, '2014-04-24', -1),
(157, 1, '21319713', 63, '2014-04-24', -1),
(158, 1, '21319713', 64, '2014-04-24', -1),
(159, 1, '21319713', 65, '2014-04-24', -1),
(160, 1, '21309629', 46, '2014-04-24', -1),
(161, 1, '21309629', 47, '2014-04-24', -1),
(162, 1, '21309629', 48, '2014-04-24', -1),
(163, 1, '21309629', 49, '2014-04-24', -1),
(164, 1, '21309629', 50, '2014-04-24', -1),
(165, 1, '21309629', 51, '2014-04-24', -1),
(166, 1, '21309629', 52, '2014-04-24', -1),
(167, 1, '21309629', 53, '2014-04-24', -1),
(168, 1, '21309629', 54, '2014-04-24', -1),
(169, 1, '21309629', 55, '2014-04-24', -1),
(170, 1, '21307561', 56, '2014-04-24', -1),
(171, 1, '21307561', 57, '2014-04-24', -1),
(172, 1, '21307561', 58, '2014-04-24', -1),
(173, 1, '21307561', 59, '2014-04-24', -1),
(174, 1, '21307561', 60, '2014-04-24', -1),
(175, 1, '21307561', 61, '2014-04-24', -1),
(176, 1, '21307561', 62, '2014-04-24', -1),
(177, 1, '21307561', 63, '2014-04-24', -1),
(178, 1, '21307561', 64, '2014-04-24', -1),
(179, 1, '21307561', 65, '2014-04-24', -1),
(180, 1, '21100266', 56, '2014-04-24', -1),
(181, 1, '21100266', 57, '2014-04-24', -1),
(182, 1, '21100266', 58, '2014-04-24', -1),
(183, 1, '21100266', 59, '2014-04-24', -1),
(184, 1, '21100266', 60, '2014-04-24', -1),
(185, 1, '21100266', 61, '2014-04-24', -1),
(186, 1, '21100266', 62, '2014-04-24', -1),
(187, 1, '21100266', 63, '2014-04-24', -1),
(188, 1, '21100266', 64, '2014-04-24', -1),
(189, 1, '21100266', 65, '2014-04-24', -1),
(190, 1, '21315870', 46, '2014-04-24', -1),
(191, 1, '21315870', 47, '2014-04-24', -1),
(192, 1, '21315870', 48, '2014-04-24', -1),
(193, 1, '21315870', 49, '2014-04-24', -1),
(194, 1, '21315870', 50, '2014-04-24', -1),
(195, 1, '21315870', 51, '2014-04-24', -1),
(196, 1, '21315870', 52, '2014-04-24', -1),
(197, 1, '21315870', 53, '2014-04-24', -1),
(198, 1, '21315870', 54, '2014-04-24', -1),
(199, 1, '21315870', 55, '2014-04-24', -1),
(200, 1, '21118433', 56, '2014-04-24', -1),
(201, 1, '21118433', 57, '2014-04-24', -1),
(202, 1, '21118433', 58, '2014-04-24', -1),
(203, 1, '21118433', 59, '2014-04-24', -1),
(204, 1, '21118433', 60, '2014-04-24', -1),
(205, 1, '21118433', 61, '2014-04-24', -1),
(206, 1, '21118433', 62, '2014-04-24', -1),
(207, 1, '21118433', 63, '2014-04-24', -1),
(208, 1, '21118433', 64, '2014-04-24', -1),
(209, 1, '21118433', 65, '2014-04-24', -1),
(210, 1, '21113913', 66, '2014-04-24', -1),
(211, 1, '21113913', 67, '2014-04-24', -1),
(212, 1, '21113913', 68, '2014-04-24', -1),
(213, 1, '21113913', 69, '2014-04-24', -1),
(214, 1, '21113913', 70, '2014-04-24', -1),
(215, 1, '21113913', 71, '2014-04-24', -1),
(216, 1, '21113913', 72, '2014-04-24', -1),
(217, 1, '21113913', 73, '2014-04-24', -1),
(218, 1, '21113913', 74, '2014-04-24', -1),
(219, 1, '21113913', 75, '2014-04-24', -1),
(220, 1, '21201851', 106, '2014-04-24', -1),
(221, 1, '21201851', 107, '2014-04-24', -1),
(222, 1, '21201851', 108, '2014-04-24', -1),
(223, 1, '21201851', 109, '2014-04-24', -1),
(224, 1, '21201851', 110, '2014-04-24', -1),
(225, 1, '21201851', 111, '2014-04-24', -1),
(226, 1, '21201851', 112, '2014-04-24', -1),
(227, 1, '21201851', 113, '2014-04-24', -1),
(228, 1, '21201851', 114, '2014-04-24', -1),
(229, 1, '21201851', 115, '2014-04-24', -1),
(230, 1, '20800446', 46, '2014-04-24', -1),
(231, 1, '20800446', 47, '2014-04-24', -1),
(232, 1, '20800446', 48, '2014-04-24', -1),
(233, 1, '20800446', 49, '2014-04-24', -1),
(234, 1, '20800446', 50, '2014-04-24', -1),
(235, 1, '20800446', 51, '2014-04-24', -1),
(236, 1, '20800446', 52, '2014-04-24', -1),
(237, 1, '20800446', 53, '2014-04-24', -1),
(238, 1, '20800446', 54, '2014-04-24', -1),
(239, 1, '20800446', 55, '2014-04-24', -1),
(240, 1, '21100763', 116, '2014-04-24', -1),
(241, 1, '21100763', 117, '2014-04-24', -1),
(242, 1, '21100763', 118, '2014-04-24', -1),
(243, 1, '21100763', 119, '2014-04-24', -1),
(244, 1, '21100763', 120, '2014-04-24', -1),
(245, 1, '21100763', 121, '2014-04-24', -1),
(246, 1, '21100763', 122, '2014-04-24', -1),
(247, 1, '21100763', 123, '2014-04-24', -1),
(248, 1, '21100763', 124, '2014-04-24', -1),
(249, 1, '21100763', 125, '2014-04-24', -1),
(250, 1, '21308443', 66, '2014-04-24', -1),
(251, 1, '21308443', 67, '2014-04-24', -1),
(252, 1, '21308443', 68, '2014-04-24', -1),
(253, 1, '21308443', 69, '2014-04-24', -1),
(254, 1, '21308443', 70, '2014-04-24', -1),
(255, 1, '21308443', 71, '2014-04-24', -1),
(256, 1, '21308443', 72, '2014-04-24', -1),
(257, 1, '21308443', 73, '2014-04-24', -1),
(258, 1, '21308443', 74, '2014-04-24', -1),
(259, 1, '21308443', 75, '2014-04-24', -1),
(260, 1, '21317497', 56, '2014-04-24', -1),
(261, 1, '21317497', 57, '2014-04-24', -1),
(262, 1, '21317497', 58, '2014-04-24', -1),
(263, 1, '21317497', 59, '2014-04-24', -1),
(264, 1, '21317497', 60, '2014-04-24', -1),
(265, 1, '21317497', 61, '2014-04-24', -1),
(266, 1, '21317497', 62, '2014-04-24', -1),
(267, 1, '21317497', 63, '2014-04-24', -1),
(268, 1, '21317497', 64, '2014-04-24', -1),
(269, 1, '21317497', 65, '2014-04-24', -1);

--
-- Contraintes pour les tables exportées
--

--
-- Contraintes pour la table `epreuve`
--
ALTER TABLE `epreuve`
  ADD CONSTRAINT `FK_FK_COMPO` FOREIGN KEY (`NUMCOMPOSANTE`) REFERENCES `composante` (`NUMCOMPOSANTE`);

--
-- Contraintes pour la table `etape`
--
ALTER TABLE `etape`
  ADD CONSTRAINT `FK_APPARTENIR2` FOREIGN KEY (`IDCURSUS`) REFERENCES `cursus` (`IDCURSUS`),
  ADD CONSTRAINT `FK_COMPOSER` FOREIGN KEY (`NUMCOMPOSANTE`) REFERENCES `composante` (`NUMCOMPOSANTE`);

--
-- Contraintes pour la table `etudiant`
--
ALTER TABLE `etudiant`
  ADD CONSTRAINT `FK_APPARTENIR` FOREIGN KEY (`NUMREGIME`) REFERENCES `regime` (`NUMREGIME`);

--
-- Contraintes pour la table `validation`
--
ALTER TABLE `validation`
  ADD CONSTRAINT `FK_CORRESPONDRE_2` FOREIGN KEY (`IDEPREUVE`) REFERENCES `epreuve` (`IDEPREUVE`),
  ADD CONSTRAINT `FK_PASSER` FOREIGN KEY (`NUMETUDIANT`) REFERENCES `etudiant` (`NUMETUDIANT`),
  ADD CONSTRAINT `FK_VALIDER` FOREIGN KEY (`NUMENSEIGNANT`) REFERENCES `enseignant` (`NUMENSEIGNANT`);

/*!40101 SET CHARACTER_SET_CLIENT=@OLD_CHARACTER_SET_CLIENT */;
/*!40101 SET CHARACTER_SET_RESULTS=@OLD_CHARACTER_SET_RESULTS */;
/*!40101 SET COLLATION_CONNECTION=@OLD_COLLATION_CONNECTION */;
